23056,"empty OriginalFilename tag"
11501,"empty OriginalFilename tag"
11501,112T_ALT_08_V010_ISO39.jpg
54301,"empty OriginalFilename tag"
54301,112D_ALT_27_V031_ISO39.jpg
23043,121D_JEANS_V019_PSR.jpg
23043,121D_01_02_V060_PSR.jpg
23043,121D_4A_01_V040_PSR.jpg
25509,"empty OriginalFilename tag"
25508,11206_003950_02_A_6005.jpg
30202,11206_003951_02_A_4001.jpg
14027,"empty OriginalFilename tag"
12405,"empty OriginalFilename tag"
22135,BASIC_004262_02_A_0001_PSR.jpg
27645,"empty OriginalFilename tag"
27645,"empty OriginalFilename tag"
27645,"empty OriginalFilename tag"
27645,"empty OriginalFilename tag"
27644,"empty OriginalFilename tag"
22186,"empty OriginalFilename tag"
22186,"empty OriginalFilename tag"
22186,"empty OriginalFilename tag"
22186,"empty OriginalFilename tag"
22186,"empty OriginalFilename tag"
22184,"empty OriginalFilename tag"
22184,"empty OriginalFilename tag"
22184,"empty OriginalFilename tag"
22183,"empty OriginalFilename tag"
22146,4262.jpg
22145,4262.jpg
22159,121G_01_02_V012.jpg
22161,121G_01_02_V012.jpg
22162,121G_01_02_V012.jpg
22160,121G_01_02_V012.jpg
22142,121G_01_02_V012.jpg
15301,BASIC_004267_02_A_8005_PSR.jpg
15301,121D_02_02_V005_PSR.jpg
15301,121D_05_04_V067_PSR.jpg
15301,"empty OriginalFilename tag"
15301,"empty OriginalFilename tag"
15301,112D_OPSL_3B_01_V005.jpg
15301,121D_02_01_V057_PSR.jpg
15300,BASIC_004267_02_A_0001_PSR.jpg
15300,121D_02_02_V005_PSR.jpg
15300,121D_05_04_V067_PSR.jpg
15300,"empty OriginalFilename tag"
15300,"empty OriginalFilename tag"
15300,"empty OriginalFilename tag"
15300,"empty OriginalFilename tag"
15300,"empty OriginalFilename tag"
15300,"empty OriginalFilename tag"
15300,"empty OriginalFilename tag"
15300,"empty OriginalFilename tag"
15300,"empty OriginalFilename tag"
15300,"empty OriginalFilename tag"
15300,"empty OriginalFilename tag"
15300,"empty OriginalFilename tag"
15300,112D_OPSL_3B_01_V005.jpg
15300,121D_02_01_V057_PSR.jpg
15302,BASIC_004268_02_A_0001_PSR.jpg
15302,"empty OriginalFilename tag"
15302,"empty OriginalFilename tag"
15302,"empty OriginalFilename tag"
15302,"empty OriginalFilename tag"
15302,"empty OriginalFilename tag"
15302,"empty OriginalFilename tag"
15302,"empty OriginalFilename tag"
76313,BASIC_004447_02_A_0002_PSR.jpg
76627,"empty OriginalFilename tag"
76627,"empty OriginalFilename tag"
76627,"empty OriginalFilename tag"
76627,"empty OriginalFilename tag"
76627,"empty OriginalFilename tag"
76628,"empty OriginalFilename tag"
76628,"empty OriginalFilename tag"
98565,132H_02_02_V044.jpg
98565,132H_09_01_V046.jpg
98565,132H_09_03_V018.jpg
98565,"empty OriginalFilename tag"
98565,"empty OriginalFilename tag"
98565,132H_06_03_V055.jpg
98565,132H_08_02_V022.jpg
98565,132H_10_01_V008.jpg
18274,151708.jpg
18277,151708.jpg
18276,111B_22_03_V061.jpg
30434,132H_02_02_V044.jpg
30434,132H_05_01_V047.jpg
30434,132H_05_04_V021.jpg
30434,132H_OE_05_V054.jpg
30434,132H_06_01_V019.jpg
30434,"empty OriginalFilename tag"
30434,"empty OriginalFilename tag"
30434,"empty OriginalFilename tag"
30434,"empty OriginalFilename tag"
30434,132H_06_03_V055.jpg
30434,132H_07_03_V050.jpg
30434,132H_07_04_V127.jpg
30434,132H_08_01_V037.jpg
30434,132H_08_02_V022.jpg
30434,132H_08_04_V130.jpg
30434,132H_10_04_V051_P.jpg
30434,132H_10_04_V051.jpg
30434,132B_57_01_V038.jpg
30240,"empty OriginalFilename tag"
20477,111B_16_01_V023.jpg
45623,"empty OriginalFilename tag"
10895,11102_003203_03_A_9056.jpg
10896,11102_003203_03_A_6095.jpg
12781,"empty OriginalFilename tag"
45628,"empty OriginalFilename tag"
45629,111B_22_03_V061.jpg
17607,"empty OriginalFilename tag"
17607,111B_11_02_V044.jpg
45631,111B_16_01_V023.jpg
45631,"empty OriginalFilename tag"
76201,111_B_ACC_V26.jpg
76201,"empty OriginalFilename tag"
75514,111_B_ACC_V05.jpg
75514,"empty OriginalFilename tag"
76748,11202_004240_08_A_9000_PSR_1.jpg
21028,132H_OE_03_V175.jpg
21028,132H_03_02_V025.jpg
21028,132H_03_03_V044.jpg
21028,132H_40_05_V058.jpg
21016,11207_004405_03_A_6014_PSR_4.jpg
21000,"empty OriginalFilename tag"
21000,"empty OriginalFilename tag"
21031,"empty OriginalFilename tag"
21031,"empty OriginalFilename tag"
23065,132H_40_01_V008.jpg
23066,132H_22_03_V017.jpg
23066,132H_24_03_V055.jpg
23066,132H_32_04_V008.jpg
23066,132H_32_01_V010.jpg
23070,"empty OriginalFilename tag"
23069,"empty OriginalFilename tag"
20077,112H_BAG_01_V150_PSR.jpg
20077,"empty OriginalFilename tag"
20077,132M_16_01_V050.jpg
20079,112H_BAG_01_V150_PSR.jpg
20078,112H_BAG_01_V150_PSR.jpg
20065,132H_41_03_V003.jpg
21006,131B_ALT_09_V008.jpg
21006,131B_ALT_52_V017.jpg
21008,131B_ALT_18_V017.jpg
21009,131B_ALT_33_V025.jpg
23115,132H_BAG_01_V024.jpg
23115,132H_16_03B_V_004.jpg
23115,132H_25_03_V027.jpg
23115,132H_18_01_V123.jpg
23115,132H_17_02_V043.jpg
23115,132H_19_01_V056.jpg
23115,132H_31_01_V077.jpg
23115,132H_12_02_V006.jpg
23115,132H_28_03_V004.jpg
23115,132H_40_04_V044.jpg
23115,132H_32_02_V129.jpg
23115,"empty OriginalFilename tag"
23115,"empty OriginalFilename tag"
23115,"empty OriginalFilename tag"
23115,"empty OriginalFilename tag"
23115,"empty OriginalFilename tag"
23115,"empty OriginalFilename tag"
23115,"empty OriginalFilename tag"
23115,132H_14_04_V069.jpg
23115,"empty OriginalFilename tag"
23115,132H_11_04_V003.jpg
23115,132M_06_02_V077.jpg
23115,132M_07_02_V031.jpg
23115,132M_14_01_V005.jpg
23062,"empty OriginalFilename tag"
22170,"empty OriginalFilename tag"
22170,"empty OriginalFilename tag"
22136,BASIC_004263_02_A_0002_PSR.jpg
22136,"empty OriginalFilename tag"
22136,"empty OriginalFilename tag"
10831,"empty OriginalFilename tag"
41048,111_B_04_02_V052.jpg
50183,11106_002917_02_A_4001.jpg
40044,"empty OriginalFilename tag"
40043,"empty OriginalFilename tag"
45191,"empty OriginalFilename tag"
50184,111_B_04_04_V049.jpg
44120,"empty OriginalFilename tag"
44121,"empty OriginalFilename tag"
35264,"empty OriginalFilename tag"
21050,11106_002948_02_A_4001.jpg
21052,"empty OriginalFilename tag"
21054,"empty OriginalFilename tag"
47047,"empty OriginalFilename tag"
41051,111_B_05_01_V012.jpg
41051,"empty OriginalFilename tag"
40049,11106_002989_02_A_0004.jpg
49202,11106_002990_02_A_2034.jpg
49205,111_G_04_01_V051.jpg
49205,"empty OriginalFilename tag"
48211,"empty OriginalFilename tag"
35271,"empty OriginalFilename tag"
40051,"empty OriginalFilename tag"
40051,111_G_06_01_V032.jpg
40052,"empty OriginalFilename tag"
35272,"empty OriginalFilename tag"
18122,"empty OriginalFilename tag"
18123,11106_003011_02_A_8003.jpg
50189,"empty OriginalFilename tag"
50190,"empty OriginalFilename tag"
35277,"empty OriginalFilename tag"
35276,"empty OriginalFilename tag"
35278,"empty OriginalFilename tag"
38924,"empty OriginalFilename tag"
44911,111_G_02_02_V048.jpg
27203,"empty OriginalFilename tag"
38925,"empty OriginalFilename tag"
38926,"empty OriginalFilename tag"
27208,11106_003048_02_A_8000.jpg
42913,"empty OriginalFilename tag"
42915,"empty OriginalFilename tag"
32221,11106_003066_02_A_4001.jpg
32221,111_G_07B_01_V057.jpg
37062,111_JEANS_01_V045.jpg
44915,"empty OriginalFilename tag"
21063,"empty OriginalFilename tag"
21064,"empty OriginalFilename tag"
44916,"empty OriginalFilename tag"
21065,"empty OriginalFilename tag"
27210,11106_003083_02_A_8152.jpg
38930,"empty OriginalFilename tag"
76227,"empty OriginalFilename tag"
76226,"empty OriginalFilename tag"
11914,11106_003099_02_A_6005.jpg
27211,111_G_09_02_V001.jpg
31012,"empty OriginalFilename tag"
75994,"empty OriginalFilename tag"
75995,"empty OriginalFilename tag"
75995,"empty OriginalFilename tag"
75996,"empty OriginalFilename tag"
75999,"empty OriginalFilename tag"
35280,"empty OriginalFilename tag"
35281,"empty OriginalFilename tag"
18130,"empty OriginalFilename tag"
94714,"empty OriginalFilename tag"
94714,"empty OriginalFilename tag"
94714,"empty OriginalFilename tag"
65749,"empty OriginalFilename tag"
65749,"empty OriginalFilename tag"
65749,"empty OriginalFilename tag"
28149,"empty OriginalFilename tag"
28149,"empty OriginalFilename tag"
28149,"empty OriginalFilename tag"
12052,"empty OriginalFilename tag"
12052,"empty OriginalFilename tag"
12052,"empty OriginalFilename tag"
23112,132B_02_01_V035.jpg
23112,132H_04_01_V022.jpg
23112,132H_30_03_V128.jpg
23112,"empty OriginalFilename tag"
23112,132H_29_03_V019.jpg
23112,132M_08_03_V043.jpg
23112,"empty OriginalFilename tag"
23112,132H_38_01_V048.jpg
23112,132H_38_05_V013.jpg
23112,132H_28_03_V004.jpg
23133,131B_ALT_32_V019.jpg
23133,131B_ALT_35_V033.jpg
23133,131B_ALT_07_V038.jpg
23132,131B_ALT_04_V005.jpg
23132,131B_ALT_31_V002.jpg
23131,131H_ALT_06_V040.jpg
23123,21107_004409_03_A_4021.jpg
23118,121J_08_02_V039.jpg
23111,131B_ALT_20_V009.jpg
23111,131B_ALT_29_V009.jpg
14760,112H_01_01_V110.jpg
20107,"empty OriginalFilename tag"
20107,"empty OriginalFilename tag"
20107,131B_ALT_57_V026.jpg
20107,132H_13_03_V016.jpg
20107,132H_41_02_V025.jpg
20107,132H_BAG_01_V024.jpg
20108,"empty OriginalFilename tag"
15240,11118_004747_03_A_9000.jpg
25191,"empty OriginalFilename tag"
25190,"empty OriginalFilename tag"
25192,"empty OriginalFilename tag"
15188,11218_004390_03_A_2033.jpg
15188,11218_004390_03_A_2033.jpg
64537,"empty OriginalFilename tag"
25193,"empty OriginalFilename tag"
62452,121G_01_02_V012.jpg
62451,121G_01_02_V012.jpg
27473,121G_01_02_V012.jpg
27474,121G_01_02_V012.jpg
22544,121G_01_02_V012.jpg
40053,121G_01_02_V012.jpg
62972,121G_3B_02_V001_PSR.jpg
62973,121G_3B_02_V001_PSR.jpg
70760,121G_3B_02_V001_PSR.jpg
70779,121G_3B_02_V001_PSR.jpg
70778,121G_3B_02_V001_PSR.jpg
70768,121G_01_02_V012.jpg
70767,121G_01_02_V012.jpg
62460,121G_02_03_V008_PSR.jpg
62461,121G_02_03_V008_PSR.jpg
18895,121D_4A_02_V041_PSR.jpg
51005,121D_08_01_V027_PSR.jpg
22553,121D_16_01_V019_PSR.jpg
22553,121D_01_02_V060_PSR.jpg
22553,121D_07_03_V041_PSR.jpg
22553,121D_ALT_55_V030_PSR.jpg
22553,121D_01_01_V028_PSR.jpg
51006,121D_03_02_V044_PSR.jpg
51006,121D_05_01_V055_PSR.jpg
51006,121D_03_01_V026_PSR.jpg
51006,121D_06_01_V014_PSR.jpg
51006,121D_16_01_V019_PSR.jpg
51006,121D_JEANS_V019_PSR.jpg
51006,121D_01_02_V060_PSR.jpg
51006,121D_05_03_V063_PSR.jpg
51006,121D_06_02_V031_PSR.jpg
51006,121D_4A_01_V040_PSR.jpg
51006,121D_4A_02_V041_PSR.jpg
51006,121D_4B_01_V055_PSR.jpg
51006,121D_ALT_01_V019_PSR.jpg
51007,"empty OriginalFilename tag"
51007,"empty OriginalFilename tag"
51007,"empty OriginalFilename tag"
51008,121D_07_01_V063_PSR.jpg
51008,121D_JEANS_V019_PSR.jpg
51008,121D_07_02_V060_PSR.jpg
51008,121D_03_01_V026_PSR.jpg
51009,121D_07_01_V063_PSR.jpg
51009,121D_07_04_V011_PSR.jpg
51009,121D_JEANS_V019_PSR.jpg
51010,121D_07_01_V063_PSR.jpg
51010,121D_08_01_V027_PSR.jpg
51011,121D_4B_02_V022_PSR.jpg
51011,121D_ALT_12_V014_PSR.jpg
51012,121D_4A_01_V040_PSR.jpg
51013,121D_06_01_V014_PSR.jpg
51013,121D_02_01_V057_PSR.jpg
51013,121D_02_04_V050_PSR.jpg
51014,121D_02_02_V005_PSR.jpg
51014,121D_02_01_V057_PSR.jpg
22554,121D_05_02_V012_PSR.jpg
61290,121D_09_03_V034_PSR.jpg
51015,121D_08_02_V117_PSR.jpg
51016,121D_06_01_V014_PSR.jpg
51016,121D_06_02_V031_PSR.jpg
51016,121D_JEANS_V019_PSR.jpg
51016,121D_02_01_V057_PSR.jpg
51016,121D_02_04_V050_PSR.jpg
70224,121D_08_01_V027_PSR.jpg
70224,121D_ALT_55_V030_PSR.jpg
70225,121D_06_01_V014_PSR.jpg
70225,121D_07_01_V063_PSR.jpg
70226,121D_06_01_V014_PSR.jpg
70226,121D_07_01_V063_PSR.jpg
31601,121D_09_02_V049_PSR.jpg
31602,121D_09_02_V049_PSR.jpg
31603,121D_09_02_V049_PSR.jpg
73226,121D_02_01_V057_PSR.jpg
73226,121D_02_04_V050_PSR.jpg
18896,121D_02_03_V023_PSR.jpg
61301,121D_08_01_V027_PSR.jpg
61293,121D_4A_01_V040_PSR.jpg
61293,121D_4B_01_V055_PSR.jpg
61292,121D_4A_01_V040_PSR.jpg
61292,121D_4B_01_V055_PSR.jpg
67072,121D_07_01_V063_PSR.jpg
73227,121D_07_01_V063_PSR.jpg
73227,121D_07_02_V060_PSR.jpg
18897,121D_03_02_V044_PSR.jpg
22163,121D_02_02_V005_PSR.jpg
22163,121D_02_01_V057_PSR.jpg
22163,121D_02_04_V050_PSR.jpg
22164,121D_07_03_V041_PSR.jpg
22165,121D_05_03_V063_PSR.jpg
22166,121D_4A_01_V040_PSR.jpg
22169,121D_06_01_V014_PSR.jpg
22167,121D_03_01_V026_PSR.jpg
22168,121D_08_02_V117_PSR.jpg
22168,121D_03_01_V026_PSR.jpg
73228,121D_09_03_V034_PSR.jpg
73228,121D_16_01_V019_PSR.jpg
73229,121D_09_03_V034_PSR.jpg
73229,121D_16_01_V019_PSR.jpg
73231,121D_05_02_V012_PSR.jpg
73230,121D_05_02_V012_PSR.jpg
70227,121D_02_03_V023_PSR.jpg
37327,121D_07_04_V011_PSR.jpg
40066,121D_05_01_V055_PSR.jpg
40066,121D_05_04_V067_PSR.jpg
40067,121D_01_02_V060_PSR.jpg
61294,121D_01_01_V028_PSR.jpg
40069,121D_4A_02_V041_PSR.jpg
40070,121D_4B_02_V022_PSR.jpg
40070,121D_4A_01_V040_PSR.jpg
40070,121D_4A_02_V041_PSR.jpg
40068,121D_4B_02_V022_PSR.jpg
40068,121D_4A_01_V040_PSR.jpg
40068,121D_4A_02_V041_PSR.jpg
61296,121D_ALT_12_V014_PSR.jpg
61295,121D_08_01_V027_PSR.jpg
67074,121D_01_01_V028_PSR.jpg
67073,121D_08_01_V027_PSR.jpg
67073,121D_01_01_V028_PSR.jpg
40071,121D_01_02_V060_PSR.jpg
67075,121D_06_01_V014_PSR.jpg
61297,121D_ALT_55_V030_PSR.jpg
61297,121D_02_03_V023_PSR.jpg
67076,121D_06_02_V031_PSR.jpg
67077,121D_06_01_V014_PSR.jpg
61299,121D_03_02_V044_PSR.jpg
61299,121D_09_01_V026_PSR.jpg
61299,121D_ALT_01_V019_PSR.jpg
61298,121D_03_02_V044_PSR.jpg
61298,121D_ALT_01_V019_PSR.jpg
61300,121D_03_01_V026_PSR.jpg
67078,121D_03_01_V026_PSR.jpg
25248,13106_005303_03_A_2039.jpg
40300,121G_02_03_V008_PSR.jpg
40305,121G_02_03_V008_PSR.jpg
40302,121G_02_03_V008_PSR.jpg
40303,121G_02_03_V008_PSR.jpg
40304,121G_02_03_V008_PSR.jpg
22555,"empty OriginalFilename tag"
22555,"empty OriginalFilename tag"
22555,"empty OriginalFilename tag"
22555,"empty OriginalFilename tag"
22555,"empty OriginalFilename tag"
22555,"empty OriginalFilename tag"
22555,"empty OriginalFilename tag"
22555,"empty OriginalFilename tag"
22555,"empty OriginalFilename tag"
22555,"empty OriginalFilename tag"
22555,"empty OriginalFilename tag"
22555,"empty OriginalFilename tag"
76549,121G_3B_02_V001_PSR.jpg
76770,121D_03_01_V026_PSR.jpg
76770,121D_06_01_V014_PSR.jpg
76770,121D_16_01_V019_PSR.jpg
76770,121D_4B_02_V022_PSR.jpg
76770,121D_06_02_V031_PSR.jpg
76770,121D_4A_01_V040_PSR.jpg
76770,121D_ALT_01_V019_PSR.jpg
76167,121D_06_01_V014_PSR.jpg
76167,121D_16_01_V019_PSR.jpg
76167,121D_01_02_V060_PSR.jpg
76167,121D_06_02_V031_PSR.jpg
76167,121D_08_01_V027_PSR.jpg
76167,121D_4A_01_V040_PSR.jpg
76167,121D_ALT_12_V014_PSR.jpg
76167,121D_03_01_V026_PSR.jpg
76217,121D_01_02_V060_PSR.jpg
76168,121D_16_01_V019_PSR.jpg
76168,121D_02_04_V050_PSR.jpg
76559,121D_03_02_V044_PSR.jpg
76559,121D_ALT_01_V019_PSR.jpg
76560,121D_03_01_V026_PSR.jpg
76560,121D_06_01_V014_PSR.jpg
76560,121D_07_01_V063_PSR.jpg
76560,121D_08_02_V117_PSR.jpg
76560,121D_16_01_V019_PSR.jpg
76560,121D_4B_02_V022_PSR.jpg
76560,121D_01_01_V028_PSR.jpg
76560,121D_01_02_V060_PSR.jpg
76560,121D_06_02_V031_PSR.jpg
76560,121D_08_01_V027_PSR.jpg
76561,121D_03_01_V026_PSR.jpg
76561,121D_06_01_V014_PSR.jpg
76561,121D_07_01_V063_PSR.jpg
76561,121D_09_03_V034_PSR.jpg
76561,121D_16_01_V019_PSR.jpg
76561,121D_01_02_V060_PSR.jpg
76561,121D_06_02_V031_PSR.jpg
76561,121D_08_01_V027_PSR.jpg
76561,121D_09_02_V049_PSR.jpg
76561,121D_4A_01_V040_PSR.jpg
76561,121D_4A_02_V041_PSR.jpg
76561,121D_ALT_12_V014_PSR.jpg
51017,121D_07_03_V041_PSR.jpg
66689,"empty OriginalFilename tag"
66689,"empty OriginalFilename tag"
66689,"empty OriginalFilename tag"
36776,"empty OriginalFilename tag"
36776,"empty OriginalFilename tag"
36913,121H_Bag_01_V053_I.jpg
21909,"empty OriginalFilename tag"
21909,"empty OriginalFilename tag"
58193,21114_005481_03_A_8001_PSR.jpg
17916,121B_FOR_01_V242.jpg
11093,"empty OriginalFilename tag"
11093,"empty OriginalFilename tag"
75147,121J_03_04_V036.jpg
75147,121S_20_04_V040.jpg
75147,121H_Bag_01_V053_I.jpg
34402,131H_ALT_13_V033.jpg
34462,131H_ALT_34_V101.jpg
17896,"empty OriginalFilename tag"
17896,"empty OriginalFilename tag"
17896,"empty OriginalFilename tag"
17896,"empty OriginalFilename tag"
17896,"empty OriginalFilename tag"
21478,121B_FOR_01_V242.jpg
42268,121B_FOR_01_V242.jpg
76568,121B_ALT_19_V019.jpg
76788,121B_ALT_19_V019.jpg
76791,121H_Bag_01_V053_I.jpg
76244,"empty OriginalFilename tag"
76244,"empty OriginalFilename tag"
76244,"empty OriginalFilename tag"
76244,"empty OriginalFilename tag"
76244,"empty OriginalFilename tag"
76244,"empty OriginalFilename tag"
76244,"empty OriginalFilename tag"
76630,121S_20_05_V004.jpg
76635,121S_20_04_V040.jpg
76654,121S_13_02_V035.jpg
76654,121S_13_04_V027.jpg
76656,121S_20_04_V040.jpg
76656,121H_Bag_01_V053_I.jpg
76656,121B_FOR_01_V242.jpg
76658,"121S_20_03 _V055.jpg"
41572,"empty OriginalFilename tag"
41572,132H_40_04_V044.jpg
41566,132H_17_04_V095.jpg
41567,BASIC_005783_03_A_8002.jpg
41571,132H_30_04_V122.jpg
27511,121B_ALT_30_V039.jpg
64915,121B_ALT_30_V039.jpg
78263,"empty OriginalFilename tag"
78263,"empty OriginalFilename tag"
78263,"empty OriginalFilename tag"
78263,"empty OriginalFilename tag"
78262,"empty OriginalFilename tag"
78262,"empty OriginalFilename tag"
78262,"empty OriginalFilename tag"
78262,"empty OriginalFilename tag"
27487,121B_ALT_20_V049.jpg
17890,121B_05_04_V007_PSR.jpg
78204,"empty OriginalFilename tag"
78204,"empty OriginalFilename tag"
78204,"empty OriginalFilename tag"
78204,"empty OriginalFilename tag"
78204,"empty OriginalFilename tag"
17897,"empty OriginalFilename tag"
17897,"empty OriginalFilename tag"
17897,"empty OriginalFilename tag"
17897,"empty OriginalFilename tag"
17897,"empty OriginalFilename tag"
42263,121B_FOR_01_V242.jpg
76564,121B_FOR_01_V242.jpg
76569,121B_22_04_V097_PSR.jpg
21817,121B_FOR_01_V242.jpg
76642,121S_20_04_V040.jpg
76644,121B_FOR_01_V242.jpg
76651,121S_06_02_V021.jpg
76653,121B_FOR_01_V242.jpg
76657,121S_17_04_V014.jpg
76657,121S_17_05_V028.jpg
41322,"empty OriginalFilename tag"
41322,"empty OriginalFilename tag"
41322,132H_32_02_V129.jpg
41312,131B_ALT_50_V046.jpg
41321,131H_ALT_13_V033.jpg
41319,131B_ALT_12_V008.jpg
41313,132H_09_04_V072.jpg
41313,132H_09_01_V024.jpg
41313,132H_14_04_V069.jpg
41313,"empty OriginalFilename tag"
41313,132H_35_04_V039.jpg
41313,132H_40_04_V044.jpg
41313,132M_15_01_V044.jpg
73225,121D_05_01_V055_PSR.jpg
73225,121D_01_02_V060_PSR.jpg
73224,121D_05_01_V055_PSR.jpg
73224,121D_01_02_V060_PSR.jpg
42257,"empty OriginalFilename tag"
42257,"empty OriginalFilename tag"
42257,"empty OriginalFilename tag"
42257,"empty OriginalFilename tag"
22547,121G_3B_02_V001_PSR.jpg
76550,121G_3B_02_V001_PSR.jpg
76556,121G_01_02_V012.jpg
76555,121G_01_02_V012.jpg
76660,121J_03_04_V036.jpg
76660,121J_04_01_V198.jpg
76660,121J_08_02_V039.jpg
76660,121B_05_04_V007_PSR.jpg
76660,121J_OE_10_V120.jpg
02583,"empty OriginalFilename tag"
02700,"empty OriginalFilename tag"
01143,"empty OriginalFilename tag"
76661,121J_03_04_V036.jpg
02525,"empty OriginalFilename tag"
02525,"empty OriginalFilename tag"
02641,"empty OriginalFilename tag"
12531,121S_15_04_V055.jpg
13517,"empty OriginalFilename tag"
13517,"empty OriginalFilename tag"
13517,"empty OriginalFilename tag"
40316,121J_03_04_V036.jpg
12860,"empty OriginalFilename tag"
07721,131S_21_07_V019.jpg
76361,121S_20_05_V004.jpg
07729,"empty OriginalFilename tag"
07708,131S_21_06_V037.jpg
07708,131S_21_09_V035.jpg
07719,131S_21_08_V010.jpg
07733,"empty OriginalFilename tag"
07733,"empty OriginalFilename tag"
03275,121S_RS_05_01_V053.jpg
12618,122S_OE_04_V134.jpg
03092,121S_RS_05_01_V053.jpg
61291,121D_02_02_V005_PSR.jpg
61291,121D_02_01_V057_PSR.jpg
36912,"empty OriginalFilename tag"
36912,"empty OriginalFilename tag"
36912,"empty OriginalFilename tag"
20650,132B_ACC_06_V01.jpg
78139,"empty OriginalFilename tag"
78252,"empty OriginalFilename tag"
36700,"empty OriginalFilename tag"
36700,"empty OriginalFilename tag"
36701,"empty OriginalFilename tag"
36701,132H_05_04_V021.jpg
34345,132H_41_04_V017.jpg
34344,132H_41_02_V025.jpg
76593,"empty OriginalFilename tag"
76593,"empty OriginalFilename tag"
68448,"empty OriginalFilename tag"
15210,"empty OriginalFilename tag"
15210,"empty OriginalFilename tag"
15210,"empty OriginalFilename tag"
15210,"empty OriginalFilename tag"
15210,"empty OriginalFilename tag"
15210,"empty OriginalFilename tag"
15209,"empty OriginalFilename tag"
30312,"empty OriginalFilename tag"
43105,"empty OriginalFilename tag"
30313,"empty OriginalFilename tag"
30313,"empty OriginalFilename tag"
30315,"empty OriginalFilename tag"
30315,"empty OriginalFilename tag"
30315,"empty OriginalFilename tag"
30315,"empty OriginalFilename tag"
30315,"empty OriginalFilename tag"
30315,"empty OriginalFilename tag"
30315,"empty OriginalFilename tag"
30315,"empty OriginalFilename tag"
30315,"empty OriginalFilename tag"
30315,"empty OriginalFilename tag"
30315,"empty OriginalFilename tag"
43110,"empty OriginalFilename tag"
30311,"empty OriginalFilename tag"
30311,"empty OriginalFilename tag"
30311,"empty OriginalFilename tag"
30311,"empty OriginalFilename tag"
30311,"empty OriginalFilename tag"
30314,"empty OriginalFilename tag"
30314,"empty OriginalFilename tag"
30314,"empty OriginalFilename tag"
30314,"empty OriginalFilename tag"
30314,"empty OriginalFilename tag"
30314,"empty OriginalFilename tag"
30314,"empty OriginalFilename tag"
43111,"empty OriginalFilename tag"
43111,"empty OriginalFilename tag"
43111,"empty OriginalFilename tag"
43111,"empty OriginalFilename tag"
01014,"empty OriginalFilename tag"
01072,"empty OriginalFilename tag"
00996,"empty OriginalFilename tag"
01130,"empty OriginalFilename tag"
01130,"empty OriginalFilename tag"
01188,"empty OriginalFilename tag"
01375,"empty OriginalFilename tag"
01375,"empty OriginalFilename tag"
14305,"empty OriginalFilename tag"
14291,"empty OriginalFilename tag"
14208,"empty OriginalFilename tag"
14209,"empty OriginalFilename tag"
14209,"empty OriginalFilename tag"
14207,"empty OriginalFilename tag"
14207,"empty OriginalFilename tag"
11678,"empty OriginalFilename tag"
11678,"empty OriginalFilename tag"
11678,122S_OE_04_V134.jpg
11727,"empty OriginalFilename tag"
11669,"empty OriginalFilename tag"
11620,"empty OriginalFilename tag"
11620,"empty OriginalFilename tag"
41450,132H_26_02_V039.jpg
02738,"empty OriginalFilename tag"
02684,"empty OriginalFilename tag"
03093,"empty OriginalFilename tag"
03210,"empty OriginalFilename tag"
03034,"empty OriginalFilename tag"
03151,"empty OriginalFilename tag"
09595,"empty OriginalFilename tag"
03843,"empty OriginalFilename tag"
03843,"empty OriginalFilename tag"
03789,"empty OriginalFilename tag"
03897,"empty OriginalFilename tag"
03735,"empty OriginalFilename tag"
23203,131G_02_01_V156_pige.jpg
12456,"131G_04 _01_V041.jpg"
76579,"131G_04 _01_V041.jpg"
76619,"131G_04 _01_V041.jpg"
76586,131G_02_01_V156_pige.jpg
19600,13206_006802_02_A_7006.jpg
28105,131G_02_01_V156_pige.jpg
23154,131G_02_01_V156_pige.jpg
28102,131G_02_01_V156_pige.jpg
30724,"empty OriginalFilename tag"
30724,"empty OriginalFilename tag"
30724,"empty OriginalFilename tag"
30724,"empty OriginalFilename tag"
42509,"131G_04 _01_V041.jpg"
42280,"131G_04 _01_V041.jpg"
23168,"131G_04 _01_V041.jpg"
24790,131G_02_01_V156_pige.jpg
07728,"empty OriginalFilename tag"
76817,131B_09_05_V016.jpg
46531,131B_ALT_49_V020.jpg
46529,131B_ALT_54_V020.jpg
63426,131B_ALT_29_V009.jpg
57202,131B_ALT_34_V012.jpg
69178,131B_ALT_17_V036.jpg
13876,13214_007118_03_A_8005.jpg
13876,132H_35_01_V144.jpg
38179,131B_ALT_18_V017.jpg
49316,131B_ALT_20_V009.jpg
49316,131B_ALT_57_V026.jpg
52660,131B_ALT_35_V033.jpg
64710,131B_ALT_49_V020.jpg
64710,131B_ALT_52_V017.jpg
64709,131B_ALT_49_V020.jpg
64709,131B_ALT_52_V017.jpg
67014,131B_ALT_03_V053.jpg
37066,131B_09_05_V016.jpg
37066,131H_13_04_V026.jpg
37066,131B_ALT_25_V015.jpg
37066,131B_ALT_04_V005.jpg
37069,"empty OriginalFilename tag"
37069,132H_41_03_V003.jpg
37069,132H_40_01_V008.jpg
37067,131B_ALT_16_V020.jpg
46536,131B_FOR_03_V220.jpg
49329,"empty OriginalFilename tag"
49329,"empty OriginalFilename tag"
49329,132H_35_03_V082.jpg
49329,132H_28_01_V040.jpg
49335,132H_40_01_V008.jpg
49213,"empty OriginalFilename tag"
49213,"empty OriginalFilename tag"
49213,"empty OriginalFilename tag"
49213,"empty OriginalFilename tag"
49213,"empty OriginalFilename tag"
49213,132H_33_01_V049.jpg
49213,132H_33_02_V072.jpg
49213,132H_17_01_V097.jpg
49213,132H_20_02_V044.jpg
49211,"empty OriginalFilename tag"
49211,131B_ALT_16_V020.jpg
49211,131B_ALT_17_V036.jpg
49215,131B_ALT_34_V012.jpg
49215,131B_ALT_54_V020.jpg
49217,131B_ALT_10_V001.jpg
49336,"empty OriginalFilename tag"
49333,"empty OriginalFilename tag"
49332,"empty OriginalFilename tag"
49330,"empty OriginalFilename tag"
49330,"empty OriginalFilename tag"
52657,131B_09_05_V016.jpg
58227,131B_ALT_32_V019.jpg
43052,131H_13_04_V026.jpg
43055,BASIC_006923_03_A_8004.jpg
26172,131B_ALT_12_V008.jpg
67013,131B_ALT_24_V037.jpg
67013,131B_ALT_26_V013.jpg
67013,131B_28_04_V014.jpg
67012,131B_ALT_24_V037.jpg
67012,131B_ALT_26_V013.jpg
67012,131B_28_04_V014.jpg
58228,131B_ALT_30_V027.jpg
58228,131B_ALT_33_V025.jpg
46528,131B_ALT_07_V038.jpg
25201,13102_006951_02_C_8101.jpg
25204,131B_ALT_36_V039.jpg
25202,131B_ALT_44_V007.jpg
25124,13102_006954_02_C_1001.jpg
27126,131B_ALT_43_V007.jpg
30810,131B_ALT_44_V007.jpg
30804,131B_ALT_36_V039.jpg
30804,131B_ALT_37_V024.jpg
30804,131B_ALT_38_V007.jpg
30804,131B_ALT_40_V004.jpg
28093,131B_ALT_39_V015.jpg
30811,131B_ALT_39_V015.jpg
30811,131B_ALT_42_V043.jpg
30854,131B_ALT_41_V014.jpg
25125,131B_ALT_44_V007.jpg
20482,131B_ALT_38_V007.jpg
20483,131B_ALT_36_V039.jpg
20483,131B_ALT_42_V043.jpg
30765,131B_ALT_46_V002.jpg
30813,131B_ALT_37_V024.jpg
28127,131B_ALT_42_V043.jpg
28128,131B_ALT_41_V014.jpg
26173,132H_02_01_V010.jpg
26173,"empty OriginalFilename tag"
26173,"empty OriginalFilename tag"
26173,131B_ALT_52_V017.jpg
26173,132H_03_04_V088.jpg
26173,132H_14_02_V072.jpg
26173,132H_14_03_V013.jpg
49314,131B_ALT_35_V033.jpg
47112,"empty OriginalFilename tag"
47112,"empty OriginalFilename tag"
47112,"empty OriginalFilename tag"
47112,"empty OriginalFilename tag"
47112,132H_41_02_V025.jpg
47112,132H_41_04_V017.jpg
47112,132H_40_01_V008.jpg
47112,132H_40_05_V058.jpg
57194,BASIC_006788_03_A_8004.jpg
57197,BASIC_006788_03_A_3000.jpg
64677,131B_28_04_V014.jpg
57200,BASIC_006879_03_A_4090.jpg
52652,131B_ALT_10_V001.jpg
52652,131B_ALT_47_V037.jpg
52651,131B_ALT_50_V046.jpg
49312,131B_ALT_06_V018.jpg
52650,131B_ALT_09_V008.jpg
69174,131B_ALT_47_V037.jpg
52647,131B_ALT_04_V005.jpg
63415,131B_ALT_20_V009.jpg
63414,131B_ALT_52_V017.jpg
52649,131B_ALT_06_V018.jpg
63416,131B_ALT_26_V013.jpg
63420,BASIC_006762_03_A_5019.jpg
63421,BASIC_006762_03_A_9000.jpg
63421,131B_ALT_26_V013.jpg
63418,BASIC_006762_03_A_4000.jpg
63419,BASIC_006762_03_A_4024.jpg
63419,131B_ALT_25_V015.jpg
38177,131B_ALT_50_V046.jpg
13589,"empty OriginalFilename tag"
51994,13114_007594_03_A_0002.jpg
13583,"empty OriginalFilename tag"
00446,"empty OriginalFilename tag"
00446,"empty OriginalFilename tag"
00445,"empty OriginalFilename tag"
00443,"empty OriginalFilename tag"
00444,"empty OriginalFilename tag"
76538,131B_ALT_07_V038.jpg
76538,131B_ALT_12_V008.jpg
52016,131H_ALT_34_V101.jpg
47036,131H_ALT_38_V012.jpg
25046,131H_ALT_06_V040.jpg
29416,131H_ALT_38_V012.jpg
78071,131H_ALT_06_V040.jpg
52172,13114_007441_03_A_3014.jpg
32506,131H_ALT_28_V035.jpg
11792,"empty OriginalFilename tag"
76807,131B_28_04_V014.jpg
76807,131H_14_01_V044.jpg
76808,131B_ALT_25_V015.jpg
76822,131B_ALT_36_V039.jpg
76822,131B_ALT_37_V024.jpg
06832,121S_RS_05_01_V053.jpg
12034,"empty OriginalFilename tag"
12034,"empty OriginalFilename tag"
76762,131B_ALT_32_V019.jpg
76758,131B_ALT_10_V001.jpg
76764,131B_ALT_20_V009.jpg
76764,131B_FOR_03_V220.jpg
76764,131B_28_04_V014.jpg
44391,131H_ALT_28_V035.jpg
76540,131B_ALT_49_V020.jpg
76778,131B_ALT_09_V008.jpg
76778,131B_ALT_47_V037.jpg
76765,131B_09_05_V016.jpg
76765,131B_ALT_10_V001.jpg
29408,131H_ALT_13_V033.jpg
20707,131H_14_01_V044.jpg
75342,131B_ALT_07_V038.jpg
75342,131B_ALT_10_V001.jpg
75342,131B_ALT_12_V008.jpg
75342,131B_ALT_16_V020.jpg
75168,131B_ALT_06_V018.jpg
75168,131B_ALT_17_V036.jpg
75168,131B_FOR_03_V220.jpg
75522,131B_ALT_20_V009.jpg
75522,131B_ALT_57_V026.jpg
75828,13102_007317_10_A_.jpg
75828,131B_ALT_04_V005.jpg
75828,131H_ALT_13_V033.jpg
74886,13102_007314_10_A_.jpg
74886,131H_ALT_34_V101.jpg
75860,13102_007316_10_A_.jpg
75860,131B_ALT_09_V008.jpg
75860,131B_ALT_26_V013.jpg
75860,131B_ALT_47_V037.jpg
75870,131H_ALT_06_V040.jpg
75230,13102_007318_10_A_.jpg
74865,13102_007321_10_A_.jpg
74865,131B_ALT_24_V037.jpg
74865,131B_ALT_49_V020.jpg
74865,131H_14_01_V044.jpg
74930,13102_007320_10_A_.jpg
75110,13102_007323_10_A_.jpg
76773,131B_ALT_10_V001.jpg
76773,131B_ALT_12_V008.jpg
76773,131H_ALT_28_V035.jpg
76773,131B_ALT_04_V005.jpg
76773,131B_ALT_35_V033.jpg
76771,131H_13_04_V026.jpg
76771,131H_ALT_13_V033.jpg
76771,131H_ALT_28_V035.jpg
76771,131H_ALT_34_V101.jpg
76771,131B_ALT_03_V053.jpg
76771,131B_ALT_07_V038.jpg
76771,131B_ALT_12_V008.jpg
76771,131B_ALT_33_V025.jpg
76771,131H_ALT_38_V012.jpg
76752,131H_ALT_06_V040.jpg
76752,131B_09_05_V016.jpg
76761,131B_ALT_54_V020.jpg
76754,131B_ALT_09_V008.jpg
76775,131B_ALT_26_V013.jpg
76774,131B_ALT_03_V053.jpg
76774,131B_ALT_06_V018.jpg
76774,131B_ALT_34_V012.jpg
76774,131B_ALT_54_V020.jpg
76774,131B_09_05_V016.jpg
00459,131S_21_09_V035.jpg
76751,131B_ALT_24_V037.jpg
76751,131H_ALT_06_V040.jpg
00453,131S_21_08_V010.jpg
00436,131S_21_07_V019.jpg
00442,131S_21_06_V037.jpg
47114,131B_ALT_07_V038.jpg
69195,BASIC_007283_03_A_8003.jpg
76811,131B_ALT_33_V025.jpg
76721,132H_05_02_V057.jpg
76721,13214_007267_09_A_9053.jpg
28482,131B_ALT_38_V007.jpg
76624,131B_ALT_50_V046.jpg
57212,BASIC_007256_03_A_0001.jpg
28486,132H_04_03_V066.jpg
28486,"empty OriginalFilename tag"
28486,"empty OriginalFilename tag"
28486,"empty OriginalFilename tag"
28486,132H_07_03_V050.jpg
32298,132H_09_02_V037.jpg
32296,"empty OriginalFilename tag"
32297,132B_57_01_V038.jpg
57210,BASIC_007254_03_A_2031.jpg
57206,BASIC_007254_03_A_0001.jpg
57208,BASIC_007254_03_A_8004.jpg
57207,BASIC_007254_03_A_2033.jpg
58235,BASIC_007255_03_A_1002.jpg
76694,131H_ALT_34_V101.jpg
76588,"empty OriginalFilename tag"
26179,BASIC_007251_03_A_2010.jpg
26181,131B_ALT_32_V019.jpg
26177,BASIC_007251_03_A_0001.jpg
76539,131H_ALT_28_V035.jpg
76539,131B_ALT_47_V037.jpg
76797,131B_ALT_17_V036.jpg
76797,131B_ALT_25_V015.jpg
76797,131B_ALT_31_V002.jpg
76797,131B_ALT_34_V012.jpg
76797,131B_ALT_50_V046.jpg
76797,131B_ALT_52_V017.jpg
76798,131B_ALT_32_V019.jpg
76798,131B_ALT_35_V033.jpg
76798,131B_ALT_37_V024.jpg
76798,131B_ALT_38_V007.jpg
76798,131B_ALT_40_V004.jpg
76827,13116_007240_09_A_2424.jpg
76542,131H_14_01_V044.jpg
76541,131B_ALT_03_V053.jpg
76615,"empty OriginalFilename tag"
76615,132H_07_03_V056.jpg
76615,132H_15_02_V177.jpg
76615,132H_23_03_V046.jpg
76799,"empty OriginalFilename tag"
76648,131B_ALT_18_V017.jpg
76614,13102_007229_08_A_9000.jpg
58231,131B_ALT_17_V036.jpg
78235,131B_ALT_24_V037.jpg
78235,131B_ALT_49_V020.jpg
78215,131B_ALT_18_V017.jpg
49319,131B_ALT_09_V008.jpg
49318,131B_ALT_09_V008.jpg
69186,131B_ALT_16_V020.jpg
69187,131B_ALT_30_V027.jpg
55492,131B_ALT_54_V020.jpg
63428,131H_ALT_06_V040.jpg
60168,131B_ALT_24_V037.jpg
58230,131B_ALT_47_V037.jpg
76804,131B_ALT_26_V013.jpg
76804,131B_ALT_30_V027.jpg
76878,131B_ALT_31_V002.jpg
76878,131B_ALT_32_V019.jpg
76878,131B_ALT_34_V012.jpg
76878,131B_ALT_35_V033.jpg
76878,131B_ALT_36_V039.jpg
76877,131H_ALT_28_V035.jpg
76877,131B_ALT_49_V020.jpg
76809,131B_ALT_18_V017.jpg
43608,13112_007752_03_A_0054.jpg
09628,"empty OriginalFilename tag"
64716,131B_ALT_50_V046.jpg
64717,131B_ALT_34_V012.jpg
64717,131B_ALT_35_V033.jpg
43062,131B_ALT_10_V001.jpg
75054,131H_ALT_28_V035.jpg
09644,"empty OriginalFilename tag"
09635,"empty OriginalFilename tag"
76590,132H_05_01_V047.jpg
76590,"empty OriginalFilename tag"
76590,"empty OriginalFilename tag"
76590,131B_ALT_43_V007.jpg
76590,132H_OE_05_V054.jpg
76590,132H_06_01_V019.jpg
76590,132H_06_02_V111.jpg
76590,132H_07_01_V046.jpg
76590,132H_07_04_V127.jpg
76590,132H_08_01_V037.jpg
76590,132H_08_04_V130.jpg
76590,132H_10_04_V051_P.jpg
76590,132H_10_04_V051.jpg
76760,131H_ALT_13_V033.jpg
20458,132M_16_01_V050.jpg
76488,"empty OriginalFilename tag"
76488,"empty OriginalFilename tag"
76488,132H_ACC_01_V027.jpg
76488,132H_22_02_V063.jpg
76488,132H_22_01_V062.jpg
76488,132H_29_01_V005.jpg
76488,132M_13_01_V108.jpg
36685,"empty OriginalFilename tag"
36685,132H_10_01_V008.jpg
36685,132H_04_03_V066.jpg
36688,"empty OriginalFilename tag"
36689,"empty OriginalFilename tag"
21965,13214_008088_01_A_4038.jpg
25513,13214_008088_01_A_4001.jpg
25513,132H_08_04_V130.jpg
36691,132H_02_03_V037.jpg
36691,132H_09_03_V018.jpg
36691,"empty OriginalFilename tag"
36691,132H_OE_05_V054.jpg
36692,"empty OriginalFilename tag"
27121,13214_008097_01_A_2088.jpg
27121,132H_06_03_V055.jpg
56280,"empty OriginalFilename tag"
22090,13214_008096_01_A_4006.jpg
22090,132H_02_02_V044.jpg
36650,132B_55_04_V033.jpg
56283,"empty OriginalFilename tag"
56283,"empty OriginalFilename tag"
56283,"empty OriginalFilename tag"
54818,"empty OriginalFilename tag"
54818,132H_10_04_V051_P.jpg
54818,132H_10_04_V051.jpg
56128,"empty OriginalFilename tag"
56128,"empty OriginalFilename tag"
56128,"empty OriginalFilename tag"
56129,132B_ALT_26_V037.jpg
50963,132H_09_03_V018.jpg
50963,"empty OriginalFilename tag"
50963,132H_09_05_V062.jpg
28218,13214_008114_01_A_4141.jpg
28218,132H_08_01_V037.jpg
56132,132H_02_03_V037.jpg
56132,"empty OriginalFilename tag"
56132,"empty OriginalFilename tag"
56132,132H_02_04_V015.jpg
54820,"empty OriginalFilename tag"
23080,13214_008120_01_A_4084.jpg
23080,132H_05_01_V047.jpg
23080,132H_05_04_V021.jpg
30370,13214_008120_01_A_2088.jpg
30370,132H_OE_05_V054.jpg
30370,132H_06_01_V019.jpg
30370,132H_06_02_V111.jpg
54821,"empty OriginalFilename tag"
54821,"empty OriginalFilename tag"
54821,"empty OriginalFilename tag"
30371,13214_008122_01_A_4102.jpg
30371,132H_07_01_V046.jpg
30371,132H_07_04_V127.jpg
78306,"empty OriginalFilename tag"
78306,132H_10_01_V008.jpg
50964,"empty OriginalFilename tag"
51128,132H_06_02_V111.jpg
78319,"empty OriginalFilename tag"
78319,132H_07_04_V127.jpg
78319,132H_08_04_V130.jpg
51190,132H_04_03_V066.jpg
51190,132H_09_01_V046.jpg
51190,132H_09_03_V018.jpg
51190,"empty OriginalFilename tag"
51190,"empty OriginalFilename tag"
51190,"empty OriginalFilename tag"
51190,"empty OriginalFilename tag"
51190,132H_09_04_V036.jpg
51190,132H_09_05_V062.jpg
36868,132H_09_01_V046.jpg
36867,"empty OriginalFilename tag"
36686,"empty OriginalFilename tag"
27120,13214_008094_01_A_5095.jpg
27120,132H_08_02_V022.jpg
56282,132B_ALT_25_V036.jpg
56282,"empty OriginalFilename tag"
56282,132H_09_04_V036.jpg
54822,"empty OriginalFilename tag"
51127,132B_ALT_25_V036.jpg
51127,132H_09_01_V046.jpg
51127,"empty OriginalFilename tag"
36872,132B_ALT_25_V036.jpg
36872,"empty OriginalFilename tag"
36871,"empty OriginalFilename tag"
36871,"empty OriginalFilename tag"
36871,132H_10_01_V008.jpg
36869,132H_02_03_V037.jpg
36869,"empty OriginalFilename tag"
36870,"empty OriginalFilename tag"
37213,"empty OriginalFilename tag"
51122,"empty OriginalFilename tag"
59116,"empty OriginalFilename tag"
31829,"empty OriginalFilename tag"
31829,"empty OriginalFilename tag"
22595,132H_34_01_V008.jpg
22595,13214_008212_03_A_2004.jpg
57798,"empty OriginalFilename tag"
60523,"empty OriginalFilename tag"
40145,13212_008191_03_A_9000.jpg
41012,"empty OriginalFilename tag"
59409,"empty OriginalFilename tag"
55634,"empty OriginalFilename tag"
78241,"empty OriginalFilename tag"
78241,"empty OriginalFilename tag"
78241,132H_21_03_V092.jpg
78241,132M_12_04_V053.jpg
30526,132H_08_01_V072.jpg
30526,13214_008144_03_A_6002.jpg
55635,"empty OriginalFilename tag"
37211,"empty OriginalFilename tag"
37209,"empty OriginalFilename tag"
37209,"empty OriginalFilename tag"
57799,"empty OriginalFilename tag"
41007,"empty OriginalFilename tag"
23136,13214_008243_01_A_5007.jpg
23136,13214_008243_04_A_5007.jpg
50854,"empty OriginalFilename tag"
50854,"empty OriginalFilename tag"
50854,"empty OriginalFilename tag"
50854,132B_55_04_V033.jpg
50854,"empty OriginalFilename tag"
50854,132H_06_02_V111.jpg
50854,132H_07_01_V046.jpg
37216,"empty OriginalFilename tag"
37217,"empty OriginalFilename tag"
37217,132H_24_04_V056.jpg
41018,"empty OriginalFilename tag"
41018,"empty OriginalFilename tag"
41017,"empty OriginalFilename tag"
41017,"empty OriginalFilename tag"
51121,"empty OriginalFilename tag"
51120,"empty OriginalFilename tag"
70352,"empty OriginalFilename tag"
70352,"empty OriginalFilename tag"
37215,"empty OriginalFilename tag"
37218,"empty OriginalFilename tag"
55640,"empty OriginalFilename tag"
55640,"empty OriginalFilename tag"
55640,132M_09_02_V047.jpg
57607,"empty OriginalFilename tag"
57607,"empty OriginalFilename tag"
59408,"empty OriginalFilename tag"
59408,"empty OriginalFilename tag"
59415,"empty OriginalFilename tag"
78149,"empty OriginalFilename tag"
78149,132H_14_02_V072.jpg
70353,"empty OriginalFilename tag"
66310,"empty OriginalFilename tag"
41004,"empty OriginalFilename tag"
41019,"empty OriginalFilename tag"
41006,"empty OriginalFilename tag"
41008,"empty OriginalFilename tag"
37221,132H_04_02_V047.jpg
37220,"empty OriginalFilename tag"
37220,132H_06_02_V056.jpg
37220,132M_14_02_V088.jpg
37222,"empty OriginalFilename tag"
59410,"empty OriginalFilename tag"
59410,132M_15_01_V044.jpg
59412,"empty OriginalFilename tag"
41021,"empty OriginalFilename tag"
20489,"empty OriginalFilename tag"
20489,132M_13_01_V108.jpg
20487,"empty OriginalFilename tag"
20490,"empty OriginalFilename tag"
20490,"empty OriginalFilename tag"
20490,"empty OriginalFilename tag"
20490,"empty OriginalFilename tag"
20490,"empty OriginalFilename tag"
20490,"empty OriginalFilename tag"
20490,132H_09_03_V005.jpg
20490,132H_11_03_V065.jpg
20490,132H_18_02_V096.jpg
20490,132W_05_V053.jpg
20490,132H_25_01_V042.jpg
20490,132H_07_01_V005.jpg
20490,132H_07_03_V056.jpg
20490,132M_08_03_V043.jpg
20490,132H_16_04_V002.jpg
20490,132H_33_01_V049.jpg
20490,132H_ACC_01_V027.jpg
20490,132H_22_02_V063.jpg
20490,132H_22_03_V017.jpg
20490,132H_22_01_V062.jpg
20490,132H_39_01_V035.jpg
20490,132H_28_01_V040.jpg
20499,132M_06_01_V034.jpg
20499,132M_11_02_V036.jpg
20499,132M_11_03_V018.jpg
20491,"empty OriginalFilename tag"
20498,"empty OriginalFilename tag"
20498,"empty OriginalFilename tag"
20498,"empty OriginalFilename tag"
20498,"empty OriginalFilename tag"
20498,"empty OriginalFilename tag"
20498,"empty OriginalFilename tag"
20498,132H_38_02_V016.jpg
76712,132H_27_01_V181.jpg
76712,132H_37_01_V048.jpg
76712,132H_17_04_V095.jpg
76712,132H_ACC_03_V002.jpg
76712,132H_ACC_04_V066.jpg
76712,132H_32_04_V008.jpg
76712,132H_12_02_V006.jpg
76712,132H_27_03_V065.jpg
20492,"empty OriginalFilename tag"
20492,"empty OriginalFilename tag"
20493,"empty OriginalFilename tag"
20493,"empty OriginalFilename tag"
20493,132H_08_01_V072.jpg
20493,"empty OriginalFilename tag"
20493,"empty OriginalFilename tag"
20493,"empty OriginalFilename tag"
20493,"empty OriginalFilename tag"
20493,"empty OriginalFilename tag"
20493,132H_03_01_V088.jpg
20493,132H_08_04_V060.jpg
20493,132H_23_03_V046.jpg
20493,132H_08_02_V040.jpg
76869,132H_15_03_V011.jpg
76869,"empty OriginalFilename tag"
76869,132H_31_03_V045.jpg
76869,132H_32_02_V129.jpg
76869,132H_35_01_V144.jpg
76869,132H_34_02_V002.jpg
76873,"empty OriginalFilename tag"
76873,"empty OriginalFilename tag"
76873,"empty OriginalFilename tag"
76873,"empty OriginalFilename tag"
76873,132H_25_01_V042.jpg
76873,132H_24_04_V056.jpg
76872,132H_23_02_V069.jpg
76872,13202_008289_08_C_9000.jpg
76872,"empty OriginalFilename tag"
76872,"empty OriginalFilename tag"
76872,"empty OriginalFilename tag"
76872,"empty OriginalFilename tag"
76872,"empty OriginalFilename tag"
76872,"empty OriginalFilename tag"
76872,132H_OE_03_V175.jpg
76872,132H_06_04_V010.jpg
76872,132H_18_02_V096.jpg
76872,132H_ACC_01_V027.jpg
76872,132H_24_02_V019.jpg
76872,132H_24_03_V055.jpg
76872,132H_12_04_V030.jpg
76872,132H_28_04_V087.jpg
76872,132M_13_03_V012.jpg
76872,132M_13_01_V108.jpg
76872,132M_16_01_V050.jpg
76710,"empty OriginalFilename tag"
76710,"empty OriginalFilename tag"
76710,"empty OriginalFilename tag"
76710,"empty OriginalFilename tag"
76710,132H_31_04_V050.jpg
76710,132H_34_04_V088.jpg
76710,132H_38_05_V013.jpg
76710,132H_28_04_V087.jpg
76710,132H_28_02_V019.jpg
76710,132H_27_02_V097.jpg
76710,132H_25_03_V027.jpg
76710,132M_13_02_V052.jpg
76710,132M_12_01_V192.jpg
76710,132M_12_02_V018.jpg
76710,132M_08_02_V011.jpg
76710,132M_07_02_V031.jpg
76710,132H_30_03_V128.jpg
76710,132B_02_01_V035.jpg
76710,132H_37_02_V044.jpg
76710,132H_33_04_V102.jpg
76710,132H_22_03_V017.jpg
76710,"empty OriginalFilename tag"
76710,"empty OriginalFilename tag"
76710,"empty OriginalFilename tag"
76710,"empty OriginalFilename tag"
76710,132M_12_03_V079.jpg
76710,132M_12_04_V053.jpg
76607,"empty OriginalFilename tag"
76607,"empty OriginalFilename tag"
76607,"empty OriginalFilename tag"
76607,"empty OriginalFilename tag"
76607,132H_15_03_V011.jpg
76607,132H_35_03_V082.jpg
76607,132H_21_05_V015.jpg
76708,132M_12_02_V018.jpg
76708,"empty OriginalFilename tag"
76708,"empty OriginalFilename tag"
76708,"empty OriginalFilename tag"
76708,132H_31_02_V099.jpg
76708,"empty OriginalFilename tag"
76708,"empty OriginalFilename tag"
76708,"empty OriginalFilename tag"
76708,"empty OriginalFilename tag"
76708,"empty OriginalFilename tag"
76708,"empty OriginalFilename tag"
76708,"empty OriginalFilename tag"
76708,"empty OriginalFilename tag"
76708,"empty OriginalFilename tag"
76708,"empty OriginalFilename tag"
76708,"empty OriginalFilename tag"
76708,132H_35_04_V039.jpg
76708,132H_38_02_V016.jpg
76708,132M_06_02_V077.jpg
76708,132M_16_01_V050.jpg
76709,132B_02_01_V035.jpg
76709,132H_11_04_V003.jpg
76709,132H_33_01_V049.jpg
76709,132H_22_03_V017.jpg
76709,132H_22_02_V063.jpg
76709,"empty OriginalFilename tag"
76709,"empty OriginalFilename tag"
76709,"empty OriginalFilename tag"
76709,"empty OriginalFilename tag"
76709,132H_32_03_V086.jpg
76709,"empty OriginalFilename tag"
76709,"empty OriginalFilename tag"
76709,132M_08_03_V043.jpg
76709,"empty OriginalFilename tag"
76709,"empty OriginalFilename tag"
76709,"empty OriginalFilename tag"
76709,"empty OriginalFilename tag"
76709,"empty OriginalFilename tag"
76709,"empty OriginalFilename tag"
76709,"empty OriginalFilename tag"
76709,"empty OriginalFilename tag"
76709,132H_30_03_V128.jpg
76709,132H_35_04_V039.jpg
76709,132H_34_04_V088.jpg
76709,132H_16_03B_V_004.jpg
76709,132M_06_02_V077.jpg
76709,132M_07_02_V031.jpg
76709,132M_08_02_V011.jpg
76709,132M_12_03_V079.jpg
76709,132M_12_04_V053.jpg
76606,132H_08_01_V072.jpg
76606,"empty OriginalFilename tag"
76606,"empty OriginalFilename tag"
76606,"empty OriginalFilename tag"
76606,132H_08_04_V060.jpg
76606,132H_30_03_V128.jpg
76606,132H_20_01_V065.jpg
76606,132H_20_03_V003.jpg
76606,132H_08_02_V040.jpg
76599,"empty OriginalFilename tag"
76599,"empty OriginalFilename tag"
76599,"empty OriginalFilename tag"
76599,132H_32_04_V008.jpg
76599,132H_32_01_V010.jpg
76600,"empty OriginalFilename tag"
76600,132H_06_01_V064.jpg
76600,132H_17_04_V095.jpg
76600,132H_27_02_V097.jpg
58413,"empty OriginalFilename tag"
76881,13202_008332_09_A_8009.jpg
76881,132H_19_01_V056.jpg
76881,132H_29_03_V019.jpg
76881,132H_35_04_V039.jpg
76881,"empty OriginalFilename tag"
76601,"empty OriginalFilename tag"
76601,"empty OriginalFilename tag"
76601,"empty OriginalFilename tag"
76601,"empty OriginalFilename tag"
76601,"empty OriginalFilename tag"
76601,"empty OriginalFilename tag"
76601,"empty OriginalFilename tag"
76601,"empty OriginalFilename tag"
76601,132H_03_01_V088.jpg
76601,132H_06_04_V010.jpg
76601,132H_11_04_V003.jpg
76601,132H_37_02_V044.jpg
76601,132H_15_01_V022.jpg
76601,132H_17_02_V043.jpg
76601,132H_ACC_01_V027.jpg
76601,132H_38_01_V048.jpg
76601,132H_28_01_V040.jpg
76601,132H_23_02_V069.jpg
76601,132M_12_01_V192.jpg
58414,132M_15_01_V044.jpg
76602,132H_FOR_02_V196.jpg
76602,132H_04_01_V022.jpg
76602,132H_ACC_03_V002.jpg
76602,132H_12_02_V006.jpg
76602,132H_21_04_V057.jpg
76603,132H_08_01_V072.jpg
76603,132H_16_01_V097.jpg
76603,"empty OriginalFilename tag"
76603,"empty OriginalFilename tag"
76603,132H_20_03_V003.jpg
76603,132M_15_01_V044.jpg
76604,132H_25_03_V027.jpg
76604,"empty OriginalFilename tag"
76604,"empty OriginalFilename tag"
76604,"empty OriginalFilename tag"
76604,132B_02_01_V035.jpg
76604,132H_10_02_V018.jpg
76604,132H_07_02_V005.jpg
76604,132H_30_03_V128.jpg
76604,132H_07_04_V054.jpg
76604,132H_16_04_V002.jpg
76604,132H_24_04_V056.jpg
76604,"empty OriginalFilename tag"
76604,132H_20_04_V151.jpg
76604,132H_20_01_V065.jpg
76604,132M_14_02_V088.jpg
70339,"empty OriginalFilename tag"
41010,"empty OriginalFilename tag"
41010,132H_28_04_V087.jpg
41010,132H_28_02_V019.jpg
70341,"empty OriginalFilename tag"
51123,"empty OriginalFilename tag"
70340,"empty OriginalFilename tag"
70342,"empty OriginalFilename tag"
55636,"empty OriginalFilename tag"
55636,132H_38_01_V048.jpg
55636,132M_12_04_V053.jpg
55637,132M_13_02_V052.jpg
55637,"empty OriginalFilename tag"
55637,132H_OE_03_V175.jpg
55637,132H_03_03_V044.jpg
55637,132H_04_01_V022.jpg
55637,132M_13_04_V037.jpg
55637,132H_35_01_V144.jpg
55637,132H_14_02_V072.jpg
55637,132B_02_01_V035.jpg
55637,"empty OriginalFilename tag"
55637,132H_14_03_V013.jpg
76852,"empty OriginalFilename tag"
76874,"empty OriginalFilename tag"
76874,"empty OriginalFilename tag"
76874,"empty OriginalFilename tag"
76874,"empty OriginalFilename tag"
76870,132H_32_01_V010.jpg
76870,132H_32_04_V008.jpg
72085,"empty OriginalFilename tag"
72083,132H_39_05_V002.jpg
72083,132H_32_03_V086.jpg
72083,"empty OriginalFilename tag"
72083,"empty OriginalFilename tag"
72083,"empty OriginalFilename tag"
72084,13202_008058_03_A_5023.jpg
72090,"empty OriginalFilename tag"
72090,132M_08_02_V011.jpg
72090,132M_08_01_V108.jpg
72088,13202_008058_03_A_5023.jpg
72086,132H_34_03_V076.jpg
72086,132H_06_01_V064.jpg
72086,132H_06_04_V010.jpg
72086,132H_37_01_V048.jpg
72086,132H_33_03_V067.jpg
72086,132H_33_04_V102.jpg
72086,132H_39_01_V035.jpg
72086,"empty OriginalFilename tag"
72086,"empty OriginalFilename tag"
72086,"empty OriginalFilename tag"
72086,132H_29_02_V059.jpg
72086,132H_31_02_V099.jpg
72086,132H_34_01_V008.jpg
72086,"empty OriginalFilename tag"
72086,"empty OriginalFilename tag"
72086,132H_02_01_V010.jpg
72086,132M_06_03_V033.jpg
58796,"empty OriginalFilename tag"
76714,132H_24_01_V016.jpg
76714,132H_03_01_V088.jpg
76714,132H_06_03_V048.jpg
76714,132H_06_04_V010.jpg
76714,132H_07_01_V005.jpg
76714,132H_ACC_01_V027.jpg
76714,132H_22_04_V020.jpg
76714,132H_22_01_V062.jpg
76714,13214_008308_09_A_8001.jpg
76715,132H_39_05_V002.jpg
76715,132H_10_02_V018.jpg
76715,13214_008308_09_A_9000.jpg
76716,132W_05_V053.jpg
76716,132H_ACC_01_V027.jpg
76716,132H_22_03_V017.jpg
76716,132H_24_02_V019.jpg
76716,132H_24_03_V055.jpg
76716,132H_26_02_V039.jpg
76716,132H_26_01_V044.jpg
76716,13214_008309_09_A_8001.jpg
76717,132H_OE_03_V175.jpg
76717,132H_37_01_V048.jpg
76717,13214_008309_09_A_9000.jpg
76677,132H_33_04_V102.jpg
76677,132H_12_02_V006.jpg
76677,132H_28_04_V087.jpg
78218,"empty OriginalFilename tag"
58800,"empty OriginalFilename tag"
58800,"empty OriginalFilename tag"
76830,132H_24_04_V056.jpg
58798,132B_02_01_V035.jpg
76831,"empty OriginalFilename tag"
41014,"empty OriginalFilename tag"
76832,"empty OriginalFilename tag"
76832,"empty OriginalFilename tag"
55639,"empty OriginalFilename tag"
59414,"empty OriginalFilename tag"
59414,"empty OriginalFilename tag"
41011,"empty OriginalFilename tag"
41027,132H_10_01_V118.jpg
41027,132H_10_02_V018.jpg
41029,"empty OriginalFilename tag"
41034,132H_09_04_V072.jpg
41034,"empty OriginalFilename tag"
41035,"empty OriginalFilename tag"
41022,132M_07_03_V059.jpg
41022,"empty OriginalFilename tag"
41022,"empty OriginalFilename tag"
41022,"empty OriginalFilename tag"
41022,132H_27_03_V065.jpg
41022,132M_OE_01_V204.jpg
41045,132H_27_01_V181.jpg
70357,"empty OriginalFilename tag"
70357,"empty OriginalFilename tag"
75069,"empty OriginalFilename tag"
66308,"empty OriginalFilename tag"
78142,13214_008184_03_A_8006.jpg
78142,132H_05_01_V030.jpg
66307,"empty OriginalFilename tag"
72091,"empty OriginalFilename tag"
72091,"empty OriginalFilename tag"
72091,132H_30_03_V128.jpg
75072,132H_23_02_V069.jpg
75072,132H_03_04_V088.jpg
75072,132H_ACC_02_V003.jpg
75072,132H_22_01_V062.jpg
75072,132H_23_05_V002.jpg
75072,132H_24_04_V056.jpg
75072,132H_26_02_V039.jpg
75072,132H_26_01_V044.jpg
75072,132H_39_01_V035.jpg
75072,132H_24_01_V016.jpg
75073,132H_OE_03_V175.jpg
75073,"empty OriginalFilename tag"
75073,132H_02_01_V010.jpg
75073,132H_03_01_V088.jpg
75073,132H_11_01_V089.jpg
75073,132H_11_04_V003.jpg
75073,132H_36_01_V195.jpg
75073,132H_15_04_V006.jpg
75073,132H_16_04_V002.jpg
75073,132H_39_05_V002.jpg
75073,132H_39_01_V035.jpg
75073,132H_31_01_V077.jpg
75073,132B_02_01_V035.jpg
75073,"empty OriginalFilename tag"
75073,132H_31_03_V045.jpg
75073,132H_30_01_V093.jpg
75073,132H_28_04_V087.jpg
75074,"empty OriginalFilename tag"
75074,132H_07_04_V054.jpg
75075,"empty OriginalFilename tag"
75075,"empty OriginalFilename tag"
75075,"empty OriginalFilename tag"
75075,"empty OriginalFilename tag"
75075,"empty OriginalFilename tag"
75075,132H_14_04_V069.jpg
75075,132H_33_01_V049.jpg
75075,132H_33_04_V102.jpg
75075,132H_35_01_V144.jpg
75075,132H_35_04_V039.jpg
75075,132H_34_01_V008.jpg
75075,132H_34_04_V088.jpg
75075,132H_34_03_V076.jpg
75075,132H_13_02_V018.jpg
75075,132H_14_02_V072.jpg
75075,132M_12_01_V192.jpg
70347,"empty OriginalFilename tag"
31834,132H_29_01_V005.jpg
31835,"empty OriginalFilename tag"
31831,"empty OriginalFilename tag"
31831,132H_35_03_V082.jpg
31833,132H_38_02_V016.jpg
66311,"empty OriginalFilename tag"
72092,"empty OriginalFilename tag"
72092,"empty OriginalFilename tag"
72092,"empty OriginalFilename tag"
72092,"empty OriginalFilename tag"
72092,132H_15_02_V177.jpg
72092,132H_17_01_V097.jpg
72092,132H_19_03_V017.jpg
72092,132H_05_01_V030.jpg
72092,132H_35_03_V082.jpg
72092,132H_12_04_V030.jpg
72092,132H_12_01_V087.jpg
72092,132H_20_04_V151.jpg
72092,132H_20_01_V065.jpg
72092,132H_21_03_V092.jpg
72092,132M_12_02_V018.jpg
72092,132M_12_03_V079.jpg
31830,"empty OriginalFilename tag"
78179,"empty OriginalFilename tag"
57608,"empty OriginalFilename tag"
20497,"empty OriginalFilename tag"
41016,132H_29_01_V005.jpg
41016,132M_14_01_V005.jpg
78208,132M_07_03_V059.jpg
78208,"empty OriginalFilename tag"
78208,132M_OE_01_V204.jpg
70349,"empty OriginalFilename tag"
70348,"empty OriginalFilename tag"
74492,"empty OriginalFilename tag"
74493,"empty OriginalFilename tag"
74493,132H_39_05_V002.jpg
38469,132H_04_01_V022.jpg
38469,BASIC_004404_03_A_2000.jpg
20084,21107_004404_03_A_4004.jpg
20072,112B_ALT_46_V017_PSR.JPG
20072,11207_004404_03_A_8006_PSR_ISO39.jpg
20098,132H_07_03_V056.jpg
20098,132H_07_01_V005.jpg
20082,11207_004404_03_A_3017_PSR_1.jpg
20071,11207_004404_03_A_9000.jpg
20073,11207_004404_03_A_8006_PSR_300.jpg
20073,11207_004404_03_A_1007_PSR_300.jpg
20073,11207_004404_03_A_1007_PSR_4.jpg
20074,112B_ALT_46_V017_PSR.JPG
20074,132H_06_03_V048.jpg
20074,132H_06_04_V010.jpg
20099,132H_41_04_V017.jpg
74496,"empty OriginalFilename tag"
74497,132H_39_01_V035.jpg
58801,"empty OriginalFilename tag"
58803,132H_39_01_V035.jpg
66317,132H_35_04_V039.jpg
66315,132H_38_05_V013.jpg
37219,"empty OriginalFilename tag"
37219,"empty OriginalFilename tag"
66318,"empty OriginalFilename tag"
70351,"empty OriginalFilename tag"
59413,"empty OriginalFilename tag"
59413,"empty OriginalFilename tag"
78150,"empty OriginalFilename tag"
41038,"empty OriginalFilename tag"
41039,"empty OriginalFilename tag"
41039,"empty OriginalFilename tag"
41037,"empty OriginalFilename tag"
23379,"empty OriginalFilename tag"
23379,"empty OriginalFilename tag"
23379,"empty OriginalFilename tag"
23379,132H_23_02_V069.jpg
60521,"empty OriginalFilename tag"
58804,"empty OriginalFilename tag"
58804,"empty OriginalFilename tag"
58805,"empty OriginalFilename tag"
37223,"empty OriginalFilename tag"
37223,"empty OriginalFilename tag"
37223,"empty OriginalFilename tag"
37223,132H_06_02_V056.jpg
37223,132H_10_01_V118.jpg
37223,132H_18_02_V096.jpg
37223,132H_12_04_V030.jpg
37223,132H_12_03_V010.jpg
37223,132H_12_01_V087.jpg
37224,"empty OriginalFilename tag"
37224,"empty OriginalFilename tag"
59411,"empty OriginalFilename tag"
70346,"empty OriginalFilename tag"
41040,"empty OriginalFilename tag"
41041,132M_16_01_V050.jpg
65812,13212_008432_03_A_9000.jpg
65812,132H_30_01_V093.jpg
65812,132M_06_01_V034.jpg
51083,132M_07_03_V059.jpg
51083,13212_008490_03_A_4003.jpg
51083,13212_008490_03_C_4003.jpg
51082,13212_008490_03_A_9000.jpg
51082,13212_008490_03_C_9000.jpg
51082,132H_34_04_V088.jpg
51082,132M_09_01_V122.jpg
75043,132H_09_01_V046.jpg
75043,"empty OriginalFilename tag"
75043,"empty OriginalFilename tag"
75043,"empty OriginalFilename tag"
75043,132H_06_02_V111.jpg
75044,132B_ALT_25_V036.jpg
75044,132H_05_04_V021.jpg
75044,"empty OriginalFilename tag"
75044,"empty OriginalFilename tag"
75044,132H_07_05_V004.jpg
75044,132H_10_01_V008.jpg
25054,13212_008396_03_A_9000.jpg
25054,132H_09_04_V072.jpg
59179,"empty OriginalFilename tag"
59179,132H_33_03_V067.jpg
75076,"empty OriginalFilename tag"
75077,"empty OriginalFilename tag"
75077,"empty OriginalFilename tag"
75077,"empty OriginalFilename tag"
75077,"empty OriginalFilename tag"
75077,132H_20_02_V044.jpg
75077,132M_11_03_V018.jpg
75077,132M_12_04_V053.jpg
75077,132M_14_02_V088.jpg
54603,13214_008664_03_A_9000.jpg
54603,132H_35_04_V039.jpg
54604,13214_008664_03_A_6003.jpg
54604,132H_26_02_V039.jpg
54604,132H_26_01_V044.jpg
54602,13214_008600_03_A_7020.jpg
54602,132H_28_03_V004.jpg
72526,13214_008634_03_A_8062.jpg
72526,132H_12_02_V006.jpg
51518,13214_008557_03_A_9056.jpg
51518,13214_008557_03_B_9056.jpg
51518,132H_19_02_V053.jpg
78141,13214_007958_03_A_9056.jpg
78141,132H_19_03_V017.jpg
20129,132H_03_02_V025.jpg
20129,13214_008489_03_A_8061.jpg
20129,132H_OE_03_V175.jpg
20129,132H_03_03_V044.jpg
72521,132H_09_04_V072.jpg
72521,13214_008599_03_A_8005.jpg
72521,13214_008599_03_C_8005.jpg
72521,132H_09_01_V024.jpg
72521,132H_17_04_V095.jpg
72521,132H_27_01_V181.jpg
76718,132H_08_01_V072.jpg
76718,13214_008756_09_A_2065.jpg
76672,"empty OriginalFilename tag"
78144,13214_008473_03_A_9056.jpg
78144,132H_19_01_V056.jpg
76849,"empty OriginalFilename tag"
76849,"empty OriginalFilename tag"
76851,"empty OriginalFilename tag"
76851,"empty OriginalFilename tag"
76850,"empty OriginalFilename tag"
78250,13214_008536_03_A_9000.jpg
78250,132H_04_01_V022.jpg
30531,132H_08_01_V072.jpg
30531,13214_008609_03_A_6018.jpg
30531,132H_08_04_V060.jpg
30531,132H_37_02_V044.jpg
30531,132H_08_02_V040.jpg
72525,13214_008629_03_A_8083.jpg
72525,132H_26_02_V039.jpg
72525,132H_26_01_V044.jpg
72532,13214_008750_03_A_9000.jpg
72532,132H_06_02_V056.jpg
72533,13214_008750_03_A_8005.jpg
72533,132H_37_01_V048.jpg
72533,132H_31_03_V045.jpg
51520,13214_008632_03_A_8017.jpg
51520,132H_32_04_V008.jpg
61817,13214_008770_03_A_2009.jpg
61817,132H_32_03_V086.jpg
54607,13214_008736_03_A_2012.jpg
54607,132H_32_02_V129.jpg
51022,13214_008594_03_A_9000.jpg
51022,132H_FOR_02_V196.jpg
51022,132H_ACC_03_V002.jpg
51022,132H_13_02_V018.jpg
51023,13214_008594_03_A_4012.jpg
51023,132H_13_04_V021.jpg
75056,"empty OriginalFilename tag"
78336,13214_008668_03_A_6011.jpg
78336,132H_21_01_V191.jpg
78336,132H_21_02_V032.jpg
72708,13214_008496_03_A_4054.jpg
72708,13214_008496_03_B_4054.jpg
72708,132H_11_01_V089.jpg
54601,13214_008595_03_A_8089.jpg
54601,132H_18_01_V123.jpg
72706,13214_008495_03_A_4054.jpg
72706,132H_10_01_V118.jpg
72706,132H_10_02_V018.jpg
72706,13214_008495_03_B_4054.jpg
72707,13214_008495_03_A_4054.jpg
72707,13214_008495_03_B_4054.jpg
72519,13214_008582_03_A_9098.jpg
72519,132H_13_01_V072.jpg
72520,13214_008592_03_A_9000.jpg
72520,132H_34_03_V076.jpg
72522,13214_008607_03_A_2008.jpg
72522,132H_25_01_V042.jpg
72523,13214_008617_03_A_2009.jpg
72523,132H_22_03_V017.jpg
72518,132H_05_02_V057.jpg
72518,13214_008401_03_A_8004.jpg
75067,132M_11_02_V036.jpg
75067,132M_07_01_V025.jpg
75067,"empty OriginalFilename tag"
75067,"empty OriginalFilename tag"
75067,132H_29_01_V005.jpg
75067,132H_30_04_V122.jpg
75067,"empty OriginalFilename tag"
75067,132H_14_04_V069.jpg
75067,132H_09_04_V072.jpg
75067,132H_04_01_V022.jpg
75067,132H_19_02_V053.jpg
75067,132H_05_01_V030.jpg
75067,132H_14_01_V005.jpg
75067,132H_BAG_01_V024.jpg
75067,132H_05_02_V057.jpg
75067,132H_13_01_V072.jpg
75067,132M_09_02_V047.jpg
75067,132M_08_01_V108.jpg
75067,132M_11_01_V113.jpg
75067,132M_12_01_V192.jpg
75067,132M_14_02_V088.jpg
75067,132M_14_01_V005.jpg
75067,132M_15_01_V044.jpg
72528,13214_008680_03_A_8001.jpg
72528,132H_11_03_V065.jpg
61812,13214_008630_03_A_5138.jpg
61812,132H_30_04_V122.jpg
13879,13214_008633_03_A_8001.jpg
13879,132H_15_03_V011.jpg
64889,13214_007912_03_A_7021.jpg
64889,132H_ACC_01_V027.jpg
64889,132H_22_04_V020.jpg
64889,132H_22_01_V062.jpg
59180,132M_07_01_V025.jpg
59180,"empty OriginalFilename tag"
59180,132H_36_01_V195.jpg
59180,132H_17_04_V095.jpg
59180,132H_21_01_V191.jpg
72540,13214_008836_03_A_0001.jpg
72540,132H_06_03_V048.jpg
72540,132H_06_04_V010.jpg
51519,13214_008598_03_A_5019.jpg
51519,13214_008598_03_B_5019.jpg
51519,132H_23_05_V002.jpg
51519,132H_24_03_V055.jpg
51515,132H_24_04_V056.jpg
51515,13214_008380_03_A_5019.jpg
54595,13214_008404_03_A_8006.jpg
54595,132H_17_01_V097.jpg
72529,13214_008691_03_A_5006.jpg
72529,132H_35_01_V144.jpg
72530,13214_008691_03_A_8001.jpg
61233,13214_007956_03_A_8007.jpg
61233,132H_25_01_V042.jpg
54600,132H_08_01_V072.jpg
54600,13214_008581_03_A_8071.jpg
54600,132H_08_02_V040.jpg
61814,13214_008710_03_A_8002.jpg
61814,132H_09_02_V006.jpg
61814,132H_09_03_V005.jpg
78143,13214_008425_03_A_9059.jpg
78143,132H_FOR_02_V196.jpg
78143,132H_ACC_03_V002.jpg
78143,132H_28_01_V040.jpg
20128,13214_008440_03_A_0055.jpg
20128,132H_24_02_V019.jpg
20128,132H_24_03_V055.jpg
51516,13214_008431_03_A_9059.jpg
51516,132H_13_02_V018.jpg
32265,13214_008437_03_A_2003.jpg
32265,132H_34_03_V076.jpg
64893,13214_008549_03_A_2009.jpg
64893,132H_30_03_V128.jpg
54609,13214_008838_03_A_5028.jpg
54609,132H_FOR_02_V196.jpg
54609,132H_12_04_V030.jpg
54609,132H_12_01_V087.jpg
32143,132H_24_01_V016.jpg
32143,132H_26_02_V039.jpg
32143,132H_26_01_V044.jpg
32143,13214_008471_03_A_4002.jpg
32143,13214_008471_03_B_4002.jpg
32144,13214_008471_03_A_4002.jpg
32144,13214_008471_03_B_4002.jpg
52573,13214_008712_03_A_8002.jpg
52573,132H_07_01_V005.jpg
52573,132H_07_03_V056.jpg
52574,13214_008712_03_A_2008.jpg
64891,13214_008419_03_A_8002.jpg
64891,132H_10_02_V018.jpg
72541,132H_23_02_V069.jpg
72541,13214_008850_03_A_0051.jpg
64050,132H_30_01_V093.jpg
64050,13214_008667_03_A_2009.jpg
64050,13214_008667_03_B_2009.jpg
64051,13214_008667_03_A_2009.jpg
64051,13214_008667_03_B_2009.jpg
52572,13214_008626_03_A_8005.jpg
52572,132H_32_03_V086.jpg
76810,131H_ALT_06_V040.jpg
76810,131B_ALT_24_V037.jpg
76810,131B_09_05_V016.jpg
72535,13214_008768_03_A_9000.jpg
72535,132H_20_01_V065.jpg
72536,13214_008768_03_A_0010.jpg
72536,132H_21_03_V092.jpg
30768,132H_24_01_V016.jpg
30768,132H_30_01_V093.jpg
30768,13214_008830_03_A_0002.jpg
30768,132H_19_03_V017.jpg
30768,132H_23_05_V002.jpg
30769,13214_008830_03_A_5027.jpg
30769,132H_23_01_V029.jpg
22600,13214_008833_03_A_8001.jpg
22600,132H_31_04_V050.jpg
51024,13214_008855_03_A_4119.jpg
51024,132H_31_01_V077.jpg
51521,13214_008758_03_A_9000.jpg
51521,132H_21_04_V057.jpg
61815,13214_008732_03_A_8000.jpg
61815,132H_33_03_V067.jpg
61816,13214_008732_03_A_6032.jpg
61816,132H_05_01_V030.jpg
30529,13214_008492_03_A_9000.jpg
30529,132H_34_04_V088.jpg
61818,13214_008802_03_A_8182.jpg
61818,132H_14_04_V069.jpg
22597,13214_008662_03_A_8063.jpg
22597,132H_07_02_V005.jpg
22597,132H_07_04_V054.jpg
13878,132H_25_03_V027.jpg
13878,13214_008525_03_A_8004.jpg
64890,13214_008406_03_A_8017.jpg
64890,132H_07_01_V005.jpg
54599,13214_008541_03_A_8002.jpg
54599,132H_07_02_V005.jpg
54599,132H_07_04_V054.jpg
64895,132H_34_01_V008.jpg
64895,13214_008849_03_A_9000.jpg
72537,132H_29_03_V019.jpg
72537,13214_008785_03_A_8058.jpg
72531,13214_008733_03_A_9000.jpg
72531,132H_21_05_V015.jpg
54598,132H_02_01_V010.jpg
54598,13214_008523_03_A_1089.jpg
30530,13214_008579_03_A_9000.jpg
30530,132H_31_01_V077.jpg
61810,13214_008531_03_A_9000.jpg
61810,132H_20_02_V044.jpg
54605,13214_008721_03_A_9000.jpg
54605,132H_11_01_V089.jpg
54606,13214_008721_03_A_5003.jpg
54606,132H_18_02_V096.jpg
78249,13214_008418_03_A_8015.jpg
78249,132H_OE_03_V175.jpg
78249,132H_15_02_V177.jpg
78249,132H_30_04_V122.jpg
72538,13214_008792_03_A_8060.jpg
72538,132H_27_02_V097.jpg
37225,"empty OriginalFilename tag"
37225,"empty OriginalFilename tag"
20626,132H_32_04_V008.jpg
20626,13214_008852_03_A_2136.jpg
20626,132H_32_01_V010.jpg
13877,13214_008409_03_A_1127.jpg
13877,132H_16_04_V002.jpg
36654,132H_16_01_V097.jpg
36654,13214_008769_03_A_9000.jpg
64894,132H_31_02_V099.jpg
64894,13214_008584_03_A_4001.jpg
78375,13214_008527_03_A_9000.jpg
78375,132H_37_02_V044.jpg
22598,13214_008786_03_A_1070.jpg
22598,132H_16_03B_V_004.jpg
30532,13214_008690_03_A_9000.jpg
30532,132H_16_04_V002.jpg
30532,132H_04_02_V047.jpg
30532,132H_20_04_V151.jpg
22599,13214_008811_03_A_8142.jpg
22599,132H_28_04_V087.jpg
22599,132H_28_02_V019.jpg
78376,13214_007929_03_A_8005.jpg
78376,132H_12_04_V030.jpg
36653,13214_008597_03_A_4002.jpg
36653,132H_11_04_V003.jpg
22596,13214_008615_03_A_6018.jpg
22596,132H_28_01_V040.jpg
50889,13214_008774_03_A_9000.jpg
50889,132H_13_03_V016.jpg
52571,13214_008614_03_A_9000.jpg
52571,132H_14_04_V069.jpg
72524,13214_008624_03_A_8001.jpg
72524,132H_33_04_V102.jpg
72539,13214_008794_03_A_2044.jpg
72539,132H_29_02_V059.jpg
78251,13214_008862_03_A_9067.jpg
78251,132H_20_04_V151.jpg
50888,13214_008730_03_A_9000.jpg
50888,132H_ACC_03_V002.jpg
50888,132H_31_03_V045.jpg
78246,132H_27_01_V181.jpg
78246,13214_008793_03_A_4010.jpg
54597,132H_03_01_V088.jpg
54597,13214_008474_03_A_8052.jpg
61811,13214_008606_03_A_8076.jpg
61811,132H_33_01_V049.jpg
61811,132H_33_02_V072.jpg
61813,132H_09_04_V072.jpg
61813,132H_09_01_V024.jpg
61813,13214_008636_03_A_1070.jpg
54596,132H_24_01_V016.jpg
54596,13214_008420_03_A_0008.jpg
54596,132H_23_05_V002.jpg
54596,132H_23_01_V029.jpg
57609,"empty OriginalFilename tag"
57609,"empty OriginalFilename tag"
57609,"empty OriginalFilename tag"
78245,13214_008469_03_A_8070.jpg
78245,132H_BAG_01_V024.jpg
61809,132H_03_01_V088.jpg
61809,13214_008463_03_A_8002.jpg
61808,13214_008463_03_A_7004.jpg
61808,132H_24_04_V056.jpg
78244,13214_008405_03_A_2196.jpg
78244,132W_05_V053.jpg
20625,13214_008510_03_A_4143.jpg
20625,132H_23_03_V046.jpg
54608,13214_008801_03_A_4038.jpg
54608,132H_27_02_V097.jpg
64892,132H_24_01_V016.jpg
64892,13214_008493_03_A_5027.jpg
72534,13214_008767_03_A_9052.jpg
72534,132H_17_04_V095.jpg
72534,132H_35_03_V082.jpg
22119,BASIC_004261_02_A_8002_PSR.jpg
22119,"empty OriginalFilename tag"
22119,"empty OriginalFilename tag"
22118,"empty OriginalFilename tag"
75078,"empty OriginalFilename tag"
75078,"empty OriginalFilename tag"
75078,"empty OriginalFilename tag"
75078,"empty OriginalFilename tag"
75078,"empty OriginalFilename tag"
75078,"empty OriginalFilename tag"
75078,132H_06_02_V056.jpg
75078,132H_09_04_V072.jpg
75078,132H_10_01_V118.jpg
75078,132H_17_02_V043.jpg
75078,132H_04_01_V022.jpg
75078,132H_04_02_V047.jpg
75078,132H_19_03_V017.jpg
75078,132H_19_02_V053.jpg
75078,"empty OriginalFilename tag"
75078,"empty OriginalFilename tag"
75078,"empty OriginalFilename tag"
75078,"empty OriginalFilename tag"
75078,132H_19_01_V056.jpg
75078,132H_05_01_V030.jpg
75078,132H_ACC_04_V066.jpg
75078,132H_29_01_V005.jpg
75078,132H_32_02_V129.jpg
75078,132H_12_04_V030.jpg
75078,132H_12_02_V006.jpg
75078,132H_28_01_V040.jpg
75078,132H_27_02_V097.jpg
75078,132M_06_02_V077.jpg
75078,132M_06_01_V034.jpg
75078,132M_07_01_V025.jpg
75078,132M_07_02_V031.jpg
75078,132M_07_03_V059.jpg
75078,132M_09_01_V122.jpg
75078,132M_09_02_V047.jpg
75078,132M_08_04_V065.jpg
75078,132M_08_03_V043.jpg
75078,132M_08_01_V108.jpg
75078,132M_11_01_V113.jpg
75078,132M_11_02_V036.jpg
75078,132M_13_01_V108.jpg
75078,132M_16_01_V050.jpg
75078,132M_15_01_V044.jpg
50887,13214_008522_03_A_8004.jpg
50887,132H_06_01_V064.jpg
78145,132H_02_01_V010.jpg
78145,13214_008821_03_A_7107.jpg
76675,132H_09_02_V037.jpg
76675,132H_08_04_V130.jpg
76675,132H_23_02_V069.jpg
20624,13214_008470_03_A_1094.jpg
20624,132H_ACC_01_V027.jpg
20624,132H_22_02_V063.jpg
20624,132H_22_01_V062.jpg
51517,13214_008458_03_A_7107.jpg
51517,132H_03_04_V088.jpg
55641,"empty OriginalFilename tag"
22601,13214_008870_03_A_8001.jpg
22601,132W_05_V053.jpg
22602,13214_008870_03_A_2008.jpg
22602,132H_25_04_V081.jpg
72527,13214_008661_03_A_8004.jpg
72527,132H_17_02_V043.jpg
76711,"empty OriginalFilename tag"
76711,"empty OriginalFilename tag"
76711,"empty OriginalFilename tag"
76711,132H_10_04_V051_P.jpg
66319,"empty OriginalFilename tag"
57610,"empty OriginalFilename tag"
57610,"empty OriginalFilename tag"
57610,132H_19_02_V053.jpg
57610,132H_19_01_V056.jpg
76673,"empty OriginalFilename tag"
41428,"empty OriginalFilename tag"
41428,132H_07_03_V050.jpg
41429,BASIC_008874_03_A_9000.jpg
30528,13214_008382_03_A_8006.jpg
30528,132H_36_01_V195.jpg
30528,132H_15_01_V022.jpg
30527,13214_008382_03_A_5018.jpg
30527,132H_15_02_V177.jpg
59417,"empty OriginalFilename tag"
59417,132M_13_04_V037.jpg
66322,132H_38_01_V048.jpg
66321,"empty OriginalFilename tag"
76828,132H_04_01_V022.jpg
76605,132H_14_04_V069.jpg
76605,"empty OriginalFilename tag"
76605,"empty OriginalFilename tag"
76605,"empty OriginalFilename tag"
76605,"empty OriginalFilename tag"
75080,"empty OriginalFilename tag"
75080,132H_16_02_V002.jpg
32145,132H_36_01_V195.jpg
32145,132H_15_01_V022.jpg
32145,13214_008882_03_A_5142.jpg
32145,13214_008882_03_B_5142.jpg
32146,13214_008882_03_A_5142.jpg
32146,13214_008882_03_B_5142.jpg
32147,13214_008884_03_A_5142.jpg
32147,132H_15_03_V011.jpg
76719,13214_008886_09_A_8023.jpg
76719,132H_18_02_V096.jpg
76719,132H_ACC_03_V002.jpg
76719,132H_12_04_V030.jpg
76719,132H_13_03_V016.jpg
76719,132H_BAG_01_V024.jpg
76719,132M_11_03_V018.jpg
76722,132H_ACC_03_V002.jpg
76722,132H_13_02_V018.jpg
76722,13214_008892_09_A_9000.jpg
76676,13212_008952_09_A_9000.jpg
76676,132H_20_02_V044.jpg
32148,132H_37_02_V044.jpg
32148,132H_20_02_V044.jpg
32148,13214_009015_03_A_3071.jpg
32148,13214_009015_03_B_3071.jpg
32149,13214_009015_03_A_3071.jpg
32149,13214_009015_03_B_3071.jpg
72542,13214_009048_03_A_8058.jpg
72542,132H_29_01_V005.jpg
76720,13212_009070_09_A_8009.jpg
76720,132H_30_04_V122.jpg
76720,132H_05_02_V057.jpg
76720,132H_16_03B_V_004.jpg
76678,132H_16_01_V097.jpg
76678,132H_20_04_V151.jpg
76678,132H_20_02_V044.jpg
76678,132H_20_03_V003.jpg
76678,13212_009118_09_A_3011.jpg
38467,13214_009077_03_A_9000.jpg
38467,132H_06_04_V010.jpg
76679,132H_27_01_V181.jpg
76679,132H_13_01_V072.jpg
76679,132H_27_03_V065.jpg
76679,132H_21_01_V191.jpg
76679,13212_009142_09_A_8009.jpg
76679,132M_09_01_V122.jpg
76679,132M_08_04_V065.jpg
76679,132M_13_01_V108.jpg
76679,132M_12_01_V192.jpg
75057,132M_14_01_V005.jpg
75056,"empty OriginalFilename tag"
75056,132H_16_01_V097.jpg
75056,132H_05_02_V057.jpg
75056,132H_29_01_V005.jpg
75056,132H_29_03_V019.jpg
75056,132H_13_01_V072.jpg
75056,132H_27_03_V065.jpg
75056,132H_BAG_01_V024.jpg
