2944,23056,"empty OriginalFilename tag"
2945,11501,"empty OriginalFilename tag"
2945,11501,112T_ALT_08_V010_ISO39.jpg
3917,54301,"empty OriginalFilename tag"
3917,54301,112D_ALT_27_V031_ISO39.jpg
3929,23043,121D_JEANS_V019_PSR.jpg
3929,23043,121D_01_02_V060_PSR.jpg
3929,23043,121D_4A_01_V040_PSR.jpg
3950,25509,"empty OriginalFilename tag"
3950,25508,11206_003950_02_A_6005.jpg
3951,30202,11206_003951_02_A_4001.jpg
3956,14027,"empty OriginalFilename tag"
3997,12405,"empty OriginalFilename tag"
4262,22135,BASIC_004262_02_A_0001_PSR.jpg
4262,27645,"empty OriginalFilename tag"
4262,27645,"empty OriginalFilename tag"
4262,27645,"empty OriginalFilename tag"
4262,27645,"empty OriginalFilename tag"
4262,27644,"empty OriginalFilename tag"
4262,22186,"empty OriginalFilename tag"
4262,22186,"empty OriginalFilename tag"
4262,22186,"empty OriginalFilename tag"
4262,22186,"empty OriginalFilename tag"
4262,22186,"empty OriginalFilename tag"
4262,22184,"empty OriginalFilename tag"
4262,22184,"empty OriginalFilename tag"
4262,22184,"empty OriginalFilename tag"
4262,22183,"empty OriginalFilename tag"
4262,22146,4262.jpg
4262,22145,4262.jpg
4266,22159,121G_01_02_V012.jpg
4266,22161,121G_01_02_V012.jpg
4266,22162,121G_01_02_V012.jpg
4266,22160,121G_01_02_V012.jpg
4266,22142,121G_01_02_V012.jpg
4267,15301,BASIC_004267_02_A_8005_PSR.jpg
4267,15301,121D_02_02_V005_PSR.jpg
4267,15301,121D_05_04_V067_PSR.jpg
4267,15301,"empty OriginalFilename tag"
4267,15301,"empty OriginalFilename tag"
4267,15301,112D_OPSL_3B_01_V005.jpg
4267,15301,121D_02_01_V057_PSR.jpg
4267,15300,BASIC_004267_02_A_0001_PSR.jpg
4267,15300,121D_02_02_V005_PSR.jpg
4267,15300,121D_05_04_V067_PSR.jpg
4267,15300,"empty OriginalFilename tag"
4267,15300,"empty OriginalFilename tag"
4267,15300,"empty OriginalFilename tag"
4267,15300,"empty OriginalFilename tag"
4267,15300,"empty OriginalFilename tag"
4267,15300,"empty OriginalFilename tag"
4267,15300,"empty OriginalFilename tag"
4267,15300,"empty OriginalFilename tag"
4267,15300,"empty OriginalFilename tag"
4267,15300,"empty OriginalFilename tag"
4267,15300,"empty OriginalFilename tag"
4267,15300,"empty OriginalFilename tag"
4267,15300,112D_OPSL_3B_01_V005.jpg
4267,15300,121D_02_01_V057_PSR.jpg
4268,15302,BASIC_004268_02_A_0001_PSR.jpg
4268,15302,"empty OriginalFilename tag"
4268,15302,"empty OriginalFilename tag"
4268,15302,"empty OriginalFilename tag"
4268,15302,"empty OriginalFilename tag"
4268,15302,"empty OriginalFilename tag"
4268,15302,"empty OriginalFilename tag"
4268,15302,"empty OriginalFilename tag"
4447,76313,BASIC_004447_02_A_0002_PSR.jpg
4447,76627,"empty OriginalFilename tag"
4447,76627,"empty OriginalFilename tag"
4447,76627,"empty OriginalFilename tag"
4447,76627,"empty OriginalFilename tag"
4447,76627,"empty OriginalFilename tag"
4447,76628,"empty OriginalFilename tag"
4447,76628,"empty OriginalFilename tag"
461,98565,132H_02_02_V044.jpg
461,98565,132H_09_01_V046.jpg
461,98565,132H_09_03_V018.jpg
461,98565,"empty OriginalFilename tag"
461,98565,"empty OriginalFilename tag"
461,98565,132H_06_03_V055.jpg
461,98565,132H_08_02_V022.jpg
461,98565,132H_10_01_V008.jpg
2297,18274,151708.jpg
2297,18277,151708.jpg
2297,18276,111B_22_03_V061.jpg
2464,30434,132H_02_02_V044.jpg
2464,30434,132H_05_01_V047.jpg
2464,30434,132H_05_04_V021.jpg
2464,30434,132H_OE_05_V054.jpg
2464,30434,132H_06_01_V019.jpg
2464,30434,"empty OriginalFilename tag"
2464,30434,"empty OriginalFilename tag"
2464,30434,"empty OriginalFilename tag"
2464,30434,"empty OriginalFilename tag"
2464,30434,132H_06_03_V055.jpg
2464,30434,132H_07_03_V050.jpg
2464,30434,132H_07_04_V127.jpg
2464,30434,132H_08_01_V037.jpg
2464,30434,132H_08_02_V022.jpg
2464,30434,132H_08_04_V130.jpg
2464,30434,132H_10_04_V051_P.jpg
2464,30434,132H_10_04_V051.jpg
2464,30434,132B_57_01_V038.jpg
3135,30240,"empty OriginalFilename tag"
3137,20477,111B_16_01_V023.jpg
3192,45623,"empty OriginalFilename tag"
3203,10895,11102_003203_03_A_9056.jpg
3203,10896,11102_003203_03_A_6095.jpg
3222,12781,"empty OriginalFilename tag"
3276,45628,"empty OriginalFilename tag"
3277,45629,111B_22_03_V061.jpg
3304,17607,"empty OriginalFilename tag"
3304,17607,111B_11_02_V044.jpg
3347,45631,111B_16_01_V023.jpg
3347,45631,"empty OriginalFilename tag"
3371,76201,111_B_ACC_V26.jpg
3371,76201,"empty OriginalFilename tag"
3451,75514,111_B_ACC_V05.jpg
3451,75514,"empty OriginalFilename tag"
4240,76748,11202_004240_08_A_9000_PSR_1.jpg
4405,21028,132H_OE_03_V175.jpg
4405,21028,132H_03_02_V025.jpg
4405,21028,132H_03_03_V044.jpg
4405,21028,132H_40_05_V058.jpg
4405,21016,11207_004405_03_A_6014_PSR_4.jpg
4405,21000,"empty OriginalFilename tag"
4405,21000,"empty OriginalFilename tag"
4405,21031,"empty OriginalFilename tag"
4405,21031,"empty OriginalFilename tag"
4406,23065,132H_40_01_V008.jpg
4406,23066,132H_22_03_V017.jpg
4406,23066,132H_24_03_V055.jpg
4406,23066,132H_32_04_V008.jpg
4406,23066,132H_32_01_V010.jpg
4406,23070,"empty OriginalFilename tag"
4406,23069,"empty OriginalFilename tag"
4407,20077,112H_BAG_01_V150_PSR.jpg
4407,20077,"empty OriginalFilename tag"
4407,20077,132M_16_01_V050.jpg
4407,20079,112H_BAG_01_V150_PSR.jpg
4407,20078,112H_BAG_01_V150_PSR.jpg
4407,20065,132H_41_03_V003.jpg
4408,21006,131B_ALT_09_V008.jpg
4408,21006,131B_ALT_52_V017.jpg
4408,21008,131B_ALT_18_V017.jpg
4408,21009,131B_ALT_33_V025.jpg
4414,23115,132H_BAG_01_V024.jpg
4414,23115,132H_16_03B_V_004.jpg
4414,23115,132H_25_03_V027.jpg
4414,23115,132H_18_01_V123.jpg
4414,23115,132H_17_02_V043.jpg
4414,23115,132H_19_01_V056.jpg
4414,23115,132H_31_01_V077.jpg
4414,23115,132H_12_02_V006.jpg
4414,23115,132H_28_03_V004.jpg
4414,23115,132H_40_04_V044.jpg
4414,23115,132H_32_02_V129.jpg
4414,23115,"empty OriginalFilename tag"
4414,23115,"empty OriginalFilename tag"
4414,23115,"empty OriginalFilename tag"
4414,23115,"empty OriginalFilename tag"
4414,23115,"empty OriginalFilename tag"
4414,23115,"empty OriginalFilename tag"
4414,23115,"empty OriginalFilename tag"
4414,23115,132H_14_04_V069.jpg
4414,23115,"empty OriginalFilename tag"
4414,23115,132H_11_04_V003.jpg
4414,23115,132M_06_02_V077.jpg
4414,23115,132M_07_02_V031.jpg
4414,23115,132M_14_01_V005.jpg
3962,23062,"empty OriginalFilename tag"
4263,22170,"empty OriginalFilename tag"
4263,22170,"empty OriginalFilename tag"
4263,22136,BASIC_004263_02_A_0002_PSR.jpg
4263,22136,"empty OriginalFilename tag"
4263,22136,"empty OriginalFilename tag"
1411,10831,"empty OriginalFilename tag"
2908,41048,111_B_04_02_V052.jpg
2917,50183,11106_002917_02_A_4001.jpg
2925,40044,"empty OriginalFilename tag"
2925,40043,"empty OriginalFilename tag"
2926,45191,"empty OriginalFilename tag"
2927,50184,111_B_04_04_V049.jpg
2928,44120,"empty OriginalFilename tag"
2928,44121,"empty OriginalFilename tag"
2931,35264,"empty OriginalFilename tag"
2948,21050,11106_002948_02_A_4001.jpg
2959,21052,"empty OriginalFilename tag"
2966,21054,"empty OriginalFilename tag"
2974,47047,"empty OriginalFilename tag"
2985,41051,111_B_05_01_V012.jpg
2985,41051,"empty OriginalFilename tag"
2989,40049,11106_002989_02_A_0004.jpg
2990,49202,11106_002990_02_A_2034.jpg
2992,49205,111_G_04_01_V051.jpg
2992,49205,"empty OriginalFilename tag"
2997,48211,"empty OriginalFilename tag"
3001,35271,"empty OriginalFilename tag"
3004,40051,"empty OriginalFilename tag"
3004,40051,111_G_06_01_V032.jpg
3004,40052,"empty OriginalFilename tag"
3005,35272,"empty OriginalFilename tag"
3008,18122,"empty OriginalFilename tag"
3011,18123,11106_003011_02_A_8003.jpg
3014,50189,"empty OriginalFilename tag"
3014,50190,"empty OriginalFilename tag"
3029,35277,"empty OriginalFilename tag"
3029,35276,"empty OriginalFilename tag"
3029,35278,"empty OriginalFilename tag"
3030,38924,"empty OriginalFilename tag"
3034,44911,111_G_02_02_V048.jpg
3036,27203,"empty OriginalFilename tag"
3039,38925,"empty OriginalFilename tag"
3044,38926,"empty OriginalFilename tag"
3048,27208,11106_003048_02_A_8000.jpg
3050,42913,"empty OriginalFilename tag"
3055,42915,"empty OriginalFilename tag"
3066,32221,11106_003066_02_A_4001.jpg
3066,32221,111_G_07B_01_V057.jpg
3067,37062,111_JEANS_01_V045.jpg
3071,44915,"empty OriginalFilename tag"
3072,21063,"empty OriginalFilename tag"
3072,21064,"empty OriginalFilename tag"
3077,44916,"empty OriginalFilename tag"
3081,21065,"empty OriginalFilename tag"
3083,27210,11106_003083_02_A_8152.jpg
3086,38930,"empty OriginalFilename tag"
3091,76227,"empty OriginalFilename tag"
3091,76226,"empty OriginalFilename tag"
3099,11914,11106_003099_02_A_6005.jpg
3101,27211,111_G_09_02_V001.jpg
3184,31012,"empty OriginalFilename tag"
3229,75994,"empty OriginalFilename tag"
3230,75995,"empty OriginalFilename tag"
3230,75995,"empty OriginalFilename tag"
3231,75996,"empty OriginalFilename tag"
3234,75999,"empty OriginalFilename tag"
3305,35280,"empty OriginalFilename tag"
3305,35281,"empty OriginalFilename tag"
3306,18130,"empty OriginalFilename tag"
840,94714,"empty OriginalFilename tag"
840,94714,"empty OriginalFilename tag"
840,94714,"empty OriginalFilename tag"
840,65749,"empty OriginalFilename tag"
840,65749,"empty OriginalFilename tag"
840,65749,"empty OriginalFilename tag"
841,28149,"empty OriginalFilename tag"
841,28149,"empty OriginalFilename tag"
841,28149,"empty OriginalFilename tag"
841,12052,"empty OriginalFilename tag"
841,12052,"empty OriginalFilename tag"
841,12052,"empty OriginalFilename tag"
4409,23112,132B_02_01_V035.jpg
4409,23112,132H_04_01_V022.jpg
4409,23112,132H_30_03_V128.jpg
4409,23112,"empty OriginalFilename tag"
4409,23112,132H_29_03_V019.jpg
4409,23112,132M_08_03_V043.jpg
4409,23112,"empty OriginalFilename tag"
4409,23112,132H_38_01_V048.jpg
4409,23112,132H_38_05_V013.jpg
4409,23112,132H_28_03_V004.jpg
4409,23133,131B_ALT_32_V019.jpg
4409,23133,131B_ALT_35_V033.jpg
4409,23133,131B_ALT_07_V038.jpg
4409,23132,131B_ALT_04_V005.jpg
4409,23132,131B_ALT_31_V002.jpg
4409,23131,131H_ALT_06_V040.jpg
4409,23123,21107_004409_03_A_4021.jpg
4409,23118,121J_08_02_V039.jpg
4409,23111,131B_ALT_20_V009.jpg
4409,23111,131B_ALT_29_V009.jpg
4533,14760,112H_01_01_V110.jpg
4410,20107,"empty OriginalFilename tag"
4410,20107,"empty OriginalFilename tag"
4410,20107,131B_ALT_57_V026.jpg
4410,20107,132H_13_03_V016.jpg
4410,20107,132H_41_02_V025.jpg
4410,20107,132H_BAG_01_V024.jpg
4410,20108,"empty OriginalFilename tag"
4747,15240,11118_004747_03_A_9000.jpg
3693,25191,"empty OriginalFilename tag"
3693,25190,"empty OriginalFilename tag"
3700,25192,"empty OriginalFilename tag"
4390,15188,11218_004390_03_A_2033.jpg
4390,15188,11218_004390_03_A_2033.jpg
3292,64537,"empty OriginalFilename tag"
3905,25193,"empty OriginalFilename tag"
3911,62452,121G_01_02_V012.jpg
3911,62451,121G_01_02_V012.jpg
4223,27473,121G_01_02_V012.jpg
4861,27474,121G_01_02_V012.jpg
4863,22544,121G_01_02_V012.jpg
4864,40053,121G_01_02_V012.jpg
4867,62972,121G_3B_02_V001_PSR.jpg
4867,62973,121G_3B_02_V001_PSR.jpg
4874,70760,121G_3B_02_V001_PSR.jpg
4899,70779,121G_3B_02_V001_PSR.jpg
4899,70778,121G_3B_02_V001_PSR.jpg
4907,70768,121G_01_02_V012.jpg
4907,70767,121G_01_02_V012.jpg
4927,62460,121G_02_03_V008_PSR.jpg
4927,62461,121G_02_03_V008_PSR.jpg
5025,18895,121D_4A_02_V041_PSR.jpg
5040,51005,121D_08_01_V027_PSR.jpg
5071,22553,121D_16_01_V019_PSR.jpg
5071,22553,121D_01_02_V060_PSR.jpg
5071,22553,121D_07_03_V041_PSR.jpg
5071,22553,121D_ALT_55_V030_PSR.jpg
5071,22553,121D_01_01_V028_PSR.jpg
5072,51006,121D_03_02_V044_PSR.jpg
5072,51006,121D_05_01_V055_PSR.jpg
5072,51006,121D_03_01_V026_PSR.jpg
5072,51006,121D_06_01_V014_PSR.jpg
5072,51006,121D_16_01_V019_PSR.jpg
5072,51006,121D_JEANS_V019_PSR.jpg
5072,51006,121D_01_02_V060_PSR.jpg
5072,51006,121D_05_03_V063_PSR.jpg
5072,51006,121D_06_02_V031_PSR.jpg
5072,51006,121D_4A_01_V040_PSR.jpg
5072,51006,121D_4A_02_V041_PSR.jpg
5072,51006,121D_4B_01_V055_PSR.jpg
5072,51006,121D_ALT_01_V019_PSR.jpg
5073,51007,"empty OriginalFilename tag"
5073,51007,"empty OriginalFilename tag"
5073,51007,"empty OriginalFilename tag"
5075,51008,121D_07_01_V063_PSR.jpg
5075,51008,121D_JEANS_V019_PSR.jpg
5075,51008,121D_07_02_V060_PSR.jpg
5075,51008,121D_03_01_V026_PSR.jpg
5076,51009,121D_07_01_V063_PSR.jpg
5076,51009,121D_07_04_V011_PSR.jpg
5076,51009,121D_JEANS_V019_PSR.jpg
5078,51010,121D_07_01_V063_PSR.jpg
5078,51010,121D_08_01_V027_PSR.jpg
5079,51011,121D_4B_02_V022_PSR.jpg
5079,51011,121D_ALT_12_V014_PSR.jpg
5080,51012,121D_4A_01_V040_PSR.jpg
5082,51013,121D_06_01_V014_PSR.jpg
5082,51013,121D_02_01_V057_PSR.jpg
5082,51013,121D_02_04_V050_PSR.jpg
5083,51014,121D_02_02_V005_PSR.jpg
5083,51014,121D_02_01_V057_PSR.jpg
5084,22554,121D_05_02_V012_PSR.jpg
5088,61290,121D_09_03_V034_PSR.jpg
5089,51015,121D_08_02_V117_PSR.jpg
5097,51016,121D_06_01_V014_PSR.jpg
5097,51016,121D_06_02_V031_PSR.jpg
5097,51016,121D_JEANS_V019_PSR.jpg
5097,51016,121D_02_01_V057_PSR.jpg
5097,51016,121D_02_04_V050_PSR.jpg
5105,70224,121D_08_01_V027_PSR.jpg
5105,70224,121D_ALT_55_V030_PSR.jpg
5107,70225,121D_06_01_V014_PSR.jpg
5107,70225,121D_07_01_V063_PSR.jpg
5107,70226,121D_06_01_V014_PSR.jpg
5107,70226,121D_07_01_V063_PSR.jpg
5108,31601,121D_09_02_V049_PSR.jpg
5109,31602,121D_09_02_V049_PSR.jpg
5110,31603,121D_09_02_V049_PSR.jpg
5118,73226,121D_02_01_V057_PSR.jpg
5118,73226,121D_02_04_V050_PSR.jpg
5119,18896,121D_02_03_V023_PSR.jpg
5121,61301,121D_08_01_V027_PSR.jpg
5122,61293,121D_4A_01_V040_PSR.jpg
5122,61293,121D_4B_01_V055_PSR.jpg
5122,61292,121D_4A_01_V040_PSR.jpg
5122,61292,121D_4B_01_V055_PSR.jpg
5123,67072,121D_07_01_V063_PSR.jpg
5124,73227,121D_07_01_V063_PSR.jpg
5124,73227,121D_07_02_V060_PSR.jpg
5125,18897,121D_03_02_V044_PSR.jpg
5144,22163,121D_02_02_V005_PSR.jpg
5144,22163,121D_02_01_V057_PSR.jpg
5144,22163,121D_02_04_V050_PSR.jpg
5145,22164,121D_07_03_V041_PSR.jpg
5146,22165,121D_05_03_V063_PSR.jpg
5198,22166,121D_4A_01_V040_PSR.jpg
5199,22169,121D_06_01_V014_PSR.jpg
5200,22167,121D_03_01_V026_PSR.jpg
5201,22168,121D_08_02_V117_PSR.jpg
5201,22168,121D_03_01_V026_PSR.jpg
5203,73228,121D_09_03_V034_PSR.jpg
5203,73228,121D_16_01_V019_PSR.jpg
5203,73229,121D_09_03_V034_PSR.jpg
5203,73229,121D_16_01_V019_PSR.jpg
5204,73231,121D_05_02_V012_PSR.jpg
5204,73230,121D_05_02_V012_PSR.jpg
5208,70227,121D_02_03_V023_PSR.jpg
5209,37327,121D_07_04_V011_PSR.jpg
5211,40066,121D_05_01_V055_PSR.jpg
5211,40066,121D_05_04_V067_PSR.jpg
5212,40067,121D_01_02_V060_PSR.jpg
5213,61294,121D_01_01_V028_PSR.jpg
5214,40069,121D_4A_02_V041_PSR.jpg
5214,40070,121D_4B_02_V022_PSR.jpg
5214,40070,121D_4A_01_V040_PSR.jpg
5214,40070,121D_4A_02_V041_PSR.jpg
5214,40068,121D_4B_02_V022_PSR.jpg
5214,40068,121D_4A_01_V040_PSR.jpg
5214,40068,121D_4A_02_V041_PSR.jpg
5215,61296,121D_ALT_12_V014_PSR.jpg
5215,61295,121D_08_01_V027_PSR.jpg
5216,67074,121D_01_01_V028_PSR.jpg
5216,67073,121D_08_01_V027_PSR.jpg
5216,67073,121D_01_01_V028_PSR.jpg
5227,40071,121D_01_02_V060_PSR.jpg
5228,67075,121D_06_01_V014_PSR.jpg
5229,61297,121D_ALT_55_V030_PSR.jpg
5229,61297,121D_02_03_V023_PSR.jpg
5230,67076,121D_06_02_V031_PSR.jpg
5231,67077,121D_06_01_V014_PSR.jpg
5233,61299,121D_03_02_V044_PSR.jpg
5233,61299,121D_09_01_V026_PSR.jpg
5233,61299,121D_ALT_01_V019_PSR.jpg
5233,61298,121D_03_02_V044_PSR.jpg
5233,61298,121D_ALT_01_V019_PSR.jpg
5234,61300,121D_03_01_V026_PSR.jpg
5235,67078,121D_03_01_V026_PSR.jpg
5303,25248,13106_005303_03_A_2039.jpg
5306,40300,121G_02_03_V008_PSR.jpg
5306,40305,121G_02_03_V008_PSR.jpg
5306,40302,121G_02_03_V008_PSR.jpg
5306,40303,121G_02_03_V008_PSR.jpg
5306,40304,121G_02_03_V008_PSR.jpg
5313,22555,"empty OriginalFilename tag"
5313,22555,"empty OriginalFilename tag"
5313,22555,"empty OriginalFilename tag"
5313,22555,"empty OriginalFilename tag"
5313,22555,"empty OriginalFilename tag"
5313,22555,"empty OriginalFilename tag"
5313,22555,"empty OriginalFilename tag"
5313,22555,"empty OriginalFilename tag"
5313,22555,"empty OriginalFilename tag"
5313,22555,"empty OriginalFilename tag"
5313,22555,"empty OriginalFilename tag"
5313,22555,"empty OriginalFilename tag"
5318,76549,121G_3B_02_V001_PSR.jpg
5353,76770,121D_03_01_V026_PSR.jpg
5353,76770,121D_06_01_V014_PSR.jpg
5353,76770,121D_16_01_V019_PSR.jpg
5353,76770,121D_4B_02_V022_PSR.jpg
5353,76770,121D_06_02_V031_PSR.jpg
5353,76770,121D_4A_01_V040_PSR.jpg
5353,76770,121D_ALT_01_V019_PSR.jpg
5365,76167,121D_06_01_V014_PSR.jpg
5365,76167,121D_16_01_V019_PSR.jpg
5365,76167,121D_01_02_V060_PSR.jpg
5365,76167,121D_06_02_V031_PSR.jpg
5365,76167,121D_08_01_V027_PSR.jpg
5365,76167,121D_4A_01_V040_PSR.jpg
5365,76167,121D_ALT_12_V014_PSR.jpg
5365,76167,121D_03_01_V026_PSR.jpg
5366,76217,121D_01_02_V060_PSR.jpg
5371,76168,121D_16_01_V019_PSR.jpg
5371,76168,121D_02_04_V050_PSR.jpg
5411,76559,121D_03_02_V044_PSR.jpg
5411,76559,121D_ALT_01_V019_PSR.jpg
5412,76560,121D_03_01_V026_PSR.jpg
5412,76560,121D_06_01_V014_PSR.jpg
5412,76560,121D_07_01_V063_PSR.jpg
5412,76560,121D_08_02_V117_PSR.jpg
5412,76560,121D_16_01_V019_PSR.jpg
5412,76560,121D_4B_02_V022_PSR.jpg
5412,76560,121D_01_01_V028_PSR.jpg
5412,76560,121D_01_02_V060_PSR.jpg
5412,76560,121D_06_02_V031_PSR.jpg
5412,76560,121D_08_01_V027_PSR.jpg
5413,76561,121D_03_01_V026_PSR.jpg
5413,76561,121D_06_01_V014_PSR.jpg
5413,76561,121D_07_01_V063_PSR.jpg
5413,76561,121D_09_03_V034_PSR.jpg
5413,76561,121D_16_01_V019_PSR.jpg
5413,76561,121D_01_02_V060_PSR.jpg
5413,76561,121D_06_02_V031_PSR.jpg
5413,76561,121D_08_01_V027_PSR.jpg
5413,76561,121D_09_02_V049_PSR.jpg
5413,76561,121D_4A_01_V040_PSR.jpg
5413,76561,121D_4A_02_V041_PSR.jpg
5413,76561,121D_ALT_12_V014_PSR.jpg
5794,51017,121D_07_03_V041_PSR.jpg
5447,66689,"empty OriginalFilename tag"
5447,66689,"empty OriginalFilename tag"
5447,66689,"empty OriginalFilename tag"
5560,36776,"empty OriginalFilename tag"
5560,36776,"empty OriginalFilename tag"
5432,36913,121H_Bag_01_V053_I.jpg
5446,21909,"empty OriginalFilename tag"
5446,21909,"empty OriginalFilename tag"
5481,58193,21114_005481_03_A_8001_PSR.jpg
5490,17916,121B_FOR_01_V242.jpg
5629,11093,"empty OriginalFilename tag"
5629,11093,"empty OriginalFilename tag"
5157,75147,121J_03_04_V036.jpg
5157,75147,121S_20_04_V040.jpg
5157,75147,121H_Bag_01_V053_I.jpg
4809,34402,131H_ALT_13_V033.jpg
4809,34462,131H_ALT_34_V101.jpg
4966,17896,"empty OriginalFilename tag"
4966,17896,"empty OriginalFilename tag"
4966,17896,"empty OriginalFilename tag"
4966,17896,"empty OriginalFilename tag"
4966,17896,"empty OriginalFilename tag"
5113,21478,121B_FOR_01_V242.jpg
5140,42268,121B_FOR_01_V242.jpg
5356,76568,121B_ALT_19_V019.jpg
5359,76788,121B_ALT_19_V019.jpg
5372,76791,121H_Bag_01_V053_I.jpg
5381,76244,"empty OriginalFilename tag"
5381,76244,"empty OriginalFilename tag"
5381,76244,"empty OriginalFilename tag"
5381,76244,"empty OriginalFilename tag"
5381,76244,"empty OriginalFilename tag"
5381,76244,"empty OriginalFilename tag"
5381,76244,"empty OriginalFilename tag"
5705,76630,121S_20_05_V004.jpg
5709,76635,121S_20_04_V040.jpg
5729,76654,121S_13_02_V035.jpg
5729,76654,121S_13_04_V027.jpg
5731,76656,121S_20_04_V040.jpg
5731,76656,121H_Bag_01_V053_I.jpg
5731,76656,121B_FOR_01_V242.jpg
5751,76658,"121S_20_03 _V055.jpg"
5783,41572,"empty OriginalFilename tag"
5783,41572,132H_40_04_V044.jpg
5783,41566,132H_17_04_V095.jpg
5783,41567,BASIC_005783_03_A_8002.jpg
5783,41571,132H_30_04_V122.jpg
4835,27511,121B_ALT_30_V039.jpg
4839,64915,121B_ALT_30_V039.jpg
4845,78263,"empty OriginalFilename tag"
4845,78263,"empty OriginalFilename tag"
4845,78263,"empty OriginalFilename tag"
4845,78263,"empty OriginalFilename tag"
4845,78262,"empty OriginalFilename tag"
4845,78262,"empty OriginalFilename tag"
4845,78262,"empty OriginalFilename tag"
4845,78262,"empty OriginalFilename tag"
4850,27487,121B_ALT_20_V049.jpg
4853,17890,121B_05_04_V007_PSR.jpg
4974,78204,"empty OriginalFilename tag"
4974,78204,"empty OriginalFilename tag"
4974,78204,"empty OriginalFilename tag"
4974,78204,"empty OriginalFilename tag"
4974,78204,"empty OriginalFilename tag"
4996,17897,"empty OriginalFilename tag"
4996,17897,"empty OriginalFilename tag"
4996,17897,"empty OriginalFilename tag"
4996,17897,"empty OriginalFilename tag"
4996,17897,"empty OriginalFilename tag"
5100,42263,121B_FOR_01_V242.jpg
5295,76564,121B_FOR_01_V242.jpg
5357,76569,121B_22_04_V097_PSR.jpg
5469,21817,121B_FOR_01_V242.jpg
5718,76642,121S_20_04_V040.jpg
5720,76644,121B_FOR_01_V242.jpg
5726,76651,121S_06_02_V021.jpg
5728,76653,121B_FOR_01_V242.jpg
5748,76657,121S_17_04_V014.jpg
5748,76657,121S_17_05_V028.jpg
5784,41322,"empty OriginalFilename tag"
5784,41322,"empty OriginalFilename tag"
5784,41322,132H_32_02_V129.jpg
5784,41312,131B_ALT_50_V046.jpg
5784,41321,131H_ALT_13_V033.jpg
5784,41319,131B_ALT_12_V008.jpg
5784,41313,132H_09_04_V072.jpg
5784,41313,132H_09_01_V024.jpg
5784,41313,132H_14_04_V069.jpg
5784,41313,"empty OriginalFilename tag"
5784,41313,132H_35_04_V039.jpg
5784,41313,132H_40_04_V044.jpg
5784,41313,132M_15_01_V044.jpg
5117,73225,121D_05_01_V055_PSR.jpg
5117,73225,121D_01_02_V060_PSR.jpg
5117,73224,121D_05_01_V055_PSR.jpg
5117,73224,121D_01_02_V060_PSR.jpg
4810,42257,"empty OriginalFilename tag"
4810,42257,"empty OriginalFilename tag"
4810,42257,"empty OriginalFilename tag"
4810,42257,"empty OriginalFilename tag"
4933,22547,121G_3B_02_V001_PSR.jpg
5319,76550,121G_3B_02_V001_PSR.jpg
5407,76556,121G_01_02_V012.jpg
5407,76555,121G_01_02_V012.jpg
5795,76660,121J_03_04_V036.jpg
5795,76660,121J_04_01_V198.jpg
5795,76660,121J_08_02_V039.jpg
5795,76660,121B_05_04_V007_PSR.jpg
5795,76660,121J_OE_10_V120.jpg
5574,02583,"empty OriginalFilename tag"
5576,02700,"empty OriginalFilename tag"
5515,01143,"empty OriginalFilename tag"
5796,76661,121J_03_04_V036.jpg
5573,02525,"empty OriginalFilename tag"
5573,02525,"empty OriginalFilename tag"
5575,02641,"empty OriginalFilename tag"
5672,12531,121S_15_04_V055.jpg
5267,13517,"empty OriginalFilename tag"
5267,13517,"empty OriginalFilename tag"
5267,13517,"empty OriginalFilename tag"
5274,40316,121J_03_04_V036.jpg
5630,12860,"empty OriginalFilename tag"
5811,07721,131S_21_07_V019.jpg
5813,76361,121S_20_05_V004.jpg
5808,07729,"empty OriginalFilename tag"
5810,07708,131S_21_06_V037.jpg
5810,07708,131S_21_09_V035.jpg
5810,07719,131S_21_08_V010.jpg
5812,07733,"empty OriginalFilename tag"
5812,07733,"empty OriginalFilename tag"
5380,03275,121S_RS_05_01_V053.jpg
5433,12618,122S_OE_04_V134.jpg
5377,03092,121S_RS_05_01_V053.jpg
5120,61291,121D_02_02_V005_PSR.jpg
5120,61291,121D_02_01_V057_PSR.jpg
5271,36912,"empty OriginalFilename tag"
5271,36912,"empty OriginalFilename tag"
5271,36912,"empty OriginalFilename tag"
4818,20650,132B_ACC_06_V01.jpg
5911,78139,"empty OriginalFilename tag"
5946,78252,"empty OriginalFilename tag"
5930,36700,"empty OriginalFilename tag"
5930,36700,"empty OriginalFilename tag"
5931,36701,"empty OriginalFilename tag"
5931,36701,132H_05_04_V021.jpg
6041,34345,132H_41_04_V017.jpg
6041,34344,132H_41_02_V025.jpg
6446,76593,"empty OriginalFilename tag"
6446,76593,"empty OriginalFilename tag"
6084,68448,"empty OriginalFilename tag"
